column1,column2,column3,column4,column5,category,group
107.45071229516849,9.165056756753847,21.906880910185777,32,53,B,Group1
97.92603548243223,5.522440864253784,3.672136250082114,28,45,B,Group1
109.71532807151038,50.58920573520652,10.802575413069137,31,57,B,Group1
122.84544784612038,61.28974697557997,33.88606493387516,25,47,A,Group3
96.48769937914996,1.6047873368016057,80.25856795798128,28,40,B,Group2
96.4879456457623,137.60970272244543,57.204864336930086,28,47,C,Group3
123.68819223261087,2.6685242839504015,51.26677259564164,34,48,B,Group2
111.51152093729362,38.9675444047811,29.348882320812166,33,45,D,Group3
92.95788421097572,61.73200020306196,93.17537194328163,25,56,D,Group2
108.13840065378947,102.38517762273804,39.70150412371917,30,64,A,Group1
93.04873460781306,62.603373643601316,8.70927667957715,35,41,A,Group1
93.01405369644614,80.9057936298363,61.70665161178013,31,54,D,Group1
103.62943407349051,20.73413745732168,11.38383934766014,35,47,D,Group3
71.30079633013304,84.32272846739617,34.52231428016921,35,49,A,Group3
74.12623251230451,4.175322487908133,50.74119387178089,35,47,A,Group3
91.5656870613854,112.60251593926081,87.42225246851758,23,49,A,Group1
84.80753319498365,39.65858414394647,49.35465803401187,32,57,D,Group2
104.71370998892911,84.99488048327594,70.22587660316643,24,48,A,Group1
86.37963886718184,30.10304859675232,99.28168389990704,38,43,B,Group1
78.81544447997062,51.58195008600443,13.148911989798162,39,48,C,Group2
121.98473153382331,37.36989069793848,27.47315255195195,32,49,A,Group2
96.61335549270197,65.76189174934603,39.45760755976464,38,44,B,Group2
101.01292307031886,4.257744994447808,42.18281785388314,32,55,A,Group2
78.62877720679815,3.112501565950754,41.102107526554576,30,48,C,Group1
91.83425913212226,14.19135787699582,90.76110025565549,26,56,A,Group3
101.66383884564799,8.690574325757503,71.40326444668564,27,48,B,Group1
82.73509633866546,102.70177785011991,60.79052140907037,25,45,B,Group2
105.63547027518509,12.372707909027698,30.93727178627821,39,57,A,Group3
90.99041965121792,186.20514047170468,82.37903842212947,24,51,A,Group3
95.62459375310085,20.541156216571466,95.5060511484989,33,47,B,Group1
90.97440081655904,10.051855198942643,82.11982825502265,36,61,A,Group1
127.78417276763406,77.96065487971737,0.15651051914729042,35,58,C,Group1
99.79754162893099,53.750810267075934,63.6401370183407,33,50,C,Group3
84.1343360656615,34.47725543617169,5.1135381442100725,41,49,B,Group3
112.33817368154783,40.524914955781036,25.760722033372186,27,52,B,Group3
81.68734525043467,63.505946986448315,5.952470034777169,24,39,B,Group2
103.13295392507133,12.967997284335336,60.37954529493877,25,57,C,Group2
70.60494814180336,280.4315616023852,68.65899134926067,26,52,B,Group1
80.07720926652354,184.03199889450474,11.448763806590511,34,37,A,Group3
102.95291853803685,52.53765450662784,38.38388830449795,21,48,A,Group1
111.07699869993115,11.128588923444667,45.6236508955542,28,52,B,Group3
102.57052421784955,57.00738976376844,36.90530217609166,25,45,B,Group1
98.2652757641764,3.7468685917146645,12.102500048519305,27,51,B,Group2
95.48344456616067,1.5566058261809739,41.89477901874754,38,53,A,Group3
77.82217014448858,14.898937656944828,75.11780478084181,26,45,C,Group2
89.20233687407936,31.052765093671947,7.100766453325546,20,42,A,Group3
93.09041843560318,101.35099625954203,8.018001408190345,34,47,A,Group1
115.85683339328374,64.94514894089446,35.47712918359842,25,53,B,Group3
105.15427434352692,67.8768952374661,94.1725711618925,28,52,A,Group2
73.554397669559,27.712178970370694,66.85726467229141,35,56,B,Group3
104.86125954092192,21.22742663447413,67.86699566725648,27,40,B,Group1
94.22376579375525,23.184282527364854,36.1919990837865,25,54,B,Group3
89.84616999541062,219.70319457582522,59.36607912085384,35,49,B,Group2
109.17514433261302,2.0467871021964337,1.0131184027743378,34,48,A,Group1
115.46499283743927,100.88214958778694,63.60960464095422,36,43,A,Group2
113.96920178674299,43.217587067633126,91.32869475762368,31,56,C,Group3
87.41173715166042,28.867454051732977,61.25734683448192,37,43,B,Group2
95.36181436223178,64.59607837444352,87.3698593466345,34,42,B,Group3
104.96895147105346,33.3417151799607,72.39730554660937,33,60,A,Group1
114.63317690683539,103.34531706338834,12.055841640369025,25,49,B,Group2
92.81238643232065,115.48142398101872,90.24533072858418,27,47,B,Group2
97.21511535004274,27.38493506770124,6.644384435577488,35,52,B,Group3
83.40497538990958,16.205395354257096,53.39674725477638,31,53,C,Group2
82.05690063878994,44.867356097045466,14.213712379345766,29,50,A,Group2
112.18788733591298,121.72779697617995,1.1706610730904066,33,52,A,Group1
120.34360042856234,11.828044947501228,42.2034260127639,41,44,C,Group3
98.91984817629499,48.77107288497878,29.504070765415623,30,50,D,Group3
115.05299346838036,49.92390001127717,48.6000493797603,33,44,A,Group1
105.42454037571451,66.04650075634278,57.71998867345508,26,48,B,Group1
90.32320368092314,7.053281485133021,4.373907230894735,32,49,A,Group3
105.4209340826262,62.908245456355495,12.300329512374564,24,49,A,Group1
123.07054849698955,119.86266031446225,55.86423964504254,29,46,B,Group1
99.46260941335073,9.903228039007228,34.316735317265824,36,51,A,Group1
123.4696548372101,13.560479584358099,72.9173487549448,32,51,C,Group3
60.703823438653835,177.7088519430756,65.22916485919397,36,52,B,Group1
112.32853756562835,9.982152737757895,84.56043629899068,44,56,A,Group2
101.30570602357257,96.3394883878329,69.24928266692253,30,43,A,Group2
95.51488974301199,33.89104712767745,42.99310773901481,23,56,C,Group3
101.37641164803253,14.199848499718524,67.29666223944324,31,51,A,Group1
70.18646628098661,102.30030008724245,27.538117425541852,28,46,B,Group2
96.70492168243732,29.466866277997788,30.63134987782127,21,53,B,Group3
105.35668857267619,36.161493455055904,78.89851599207933,33,49,B,Group2
122.16841067112274,22.254497958890394,44.64195164015822,24,51,B,Group1
92.22594672589528,44.94106713425393,79.83803405183525,26,59,A,Group3
87.87259595660218,8.927864880881568,82.24223736682784,38,56,A,Group2
92.47364434623195,24.80354531817368,85.75623376612837,36,47,A,Group3
113.73103176553111,174.35790209105718,91.66352358412072,27,50,B,Group2
104.93126664489526,14.92929402120031,43.098522051329624,21,50,B,Group2
92.05359694349441,53.46286922585514,31.886681832113883,20,53,A,Group1
107.69901149670034,19.666210219446352,58.21987465941139,25,46,A,Group1
101.4561632402206,74.24458453535824,37.117242343762754,26,42,B,Group2
114.52967485799334,7.013338980506838,60.1074166800233,24,46,B,Group3
89.46920359183972,175.03052272122,70.55858626438246,26,43,D,Group3
95.08506780103347,30.23754610823689,68.84050184921368,27,40,B,Group1
94.11837770301764,13.462677174886013,37.45528870201213,25,45,B,Group2
78.04727577801822,3.8168861277968533,16.68602016987528,26,44,B,Group1
104.44180415596864,9.301897005229696,43.05293384622075,33,48,D,Group2
103.91582908269834,36.674917271479075,14.259414408190874,25,45,C,Group2
100.07670184963692,20.549253990258332,89.00970351838083,23,51,B,Group1
96.4811929993728,88.27049420610787,34.58774607378574,37,34,A,Group3
78.76943886924379,28.18385953427962,15.445974722332378,21,49,A,Group1
93.69032015851961,14.29846184879255,2.5447759905750877,27,53,B,Group2
94.85928225209845,48.00494582867339,64.58223862864843,35,56,C,Group1
87.96584096167572,61.341130347967244,63.69023174547432,31,45,B,Group3
97.58071432500986,9.138597384292341,34.060416658129164,23,47,A,Group3
106.06076285221808,9.173263506538035,7.171188884765101,26,57,C,Group2
128.29278851815795,1.8680364004741368,40.9628894895232,21,48,C,Group1
102.61866719247759,66.66650603949171,31.12174950633936,27,45,A,Group3
103.86325586084146,54.50312625735495,67.71206397350093,19,58,B,Group1
98.8833112635075,32.182708481764635,60.57792494526903,29,55,B,Group3
71.21843177051437,92.94962453380751,36.459372819754,31,48,C,Group2
99.60229186826174,81.90991605846757,21.78925542549901,27,43,C,Group2
100.90345314911539,44.016550681796076,98.80359661555919,38,50,B,Group1
136.9486316872793,101.35053132645014,45.40016211961149,24,62,B,Group2
97.11458552828316,11.523592518528677,68.82742357802371,34,49,C,Group3
104.52321013500419,5.934651069514229,14.055296757836079,30,55,B,Group2
99.47932345442135,15.718390286405395,48.55896996593978,28,51,B,Group3
82.46982943570703,2.9390553364981353,2.7536719869465487,28,46,C,Group3
117.14234221772531,37.87570214169719,50.545511791044994,29,50,A,Group2
111.27899549030161,137.91906027009833,96.40174071177023,23,55,B,Group3
111.8654792056457,2.006920820469112,38.420671298580025,42,51,C,Group3
86.35918817807891,6.511693999155837,3.8996012574911587,31,54,C,Group1
121.04191466404149,30.092162415096546,3.095579091934353,30,52,B,Group1
78.97223405811579,135.81043269379973,38.798675994686946,25,51,A,Group1
108.80285640700406,19.00128055283935,16.002493646319405,28,52,B,Group2
132.85683438714966,35.386125188567256,2.335209632818591,23,48,A,Group1
85.14195512303968,2.123086650052585,75.62136139501769,24,44,A,Group3
91.50553405595842,8.028582566820946,45.85230088818907,25,46,C,Group2
101.49477047631461,215.73755422666895,28.924477197265453,36,50,A,Group2
92.44786518825701,167.79021539099546,90.00831830164807,31,48,B,Group2
76.74004853400801,0.2476111486913808,11.613896020052561,28,51,B,Group2
101.0284446220904,151.63203993394077,95.59188289553192,28,43,D,Group3
84.06544429410843,50.96048067842504,31.396671737735282,31,46,B,Group3
107.10388645952773,101.21672834882554,88.84036723086813,35,49,A,Group1
86.20863648649295,30.324613454600474,60.294287647946156,33,49,A,Group2
123.24901607526309,36.24180343488855,82.67073597414874,25,50,B,Group1
88.25120061495645,33.554274975443,98.40131632104642,26,42,B,Group3
95.16907725691486,54.96026185327917,28.840543781874572,35,44,B,Group2
112.20275826054504,7.520872710472859,96.1135485407593,34,50,B,Group3
81.53703525349067,1.5215990459985635,38.94818949024204,29,51,A,Group1
103.41189901906193,18.403404400689045,38.55119047369223,21,45,B,Group3
119.60714131423643,60.98491737704197,34.03871042545057,39,49,B,Group2
75.88775148158159,11.273152721830519,54.14076073475852,26,50,A,Group2
102.76950787798457,55.955920466598954,15.41450431784871,29,42,A,Group1
103.89824191372635,175.1815195114605,55.37114853580112,34,45,A,Group2
111.72734307665965,4.930319686089348,54.1704812410004,30,55,A,Group3
81.44573933682878,55.82895419522681,76.190181260487,35,50,B,Group3
80.19315080373585,29.326891987858676,83.36499619375856,36,53,A,Group3
107.82912348425347,101.30158110967582,44.044135031242405,27,45,A,Group3
104.45477009849779,9.749054952932191,30.233324935149376,30,50,A,Group1
103.75739275518815,58.98449381901769,25.933489731709447,18,52,D,Group3
105.19672314245463,91.04354307988228,19.462383670487192,31,51,C,Group1
89.79962917632264,144.67161936901365,5.764758219902488,36,49,A,Group3
103.48380545741506,57.481811749231106,34.244797883471335,25,50,B,Group1
104.39608709948021,34.37563063057698,27.024769213078326,34,46,A,Group3
89.28472872960448,48.09674277754708,96.64173858664074,32,44,B,Group3
127.98661766717134,101.59164546839557,55.77088262500439,24,46,A,Group1
107.10749381367681,42.26945460345029,34.72770390305075,35,51,B,Group2
82.13044754196028,1.54291588669526,58.0467600993696,34,47,B,Group2
109.84830412950744,133.64527536495865,13.91967013456955,35,44,C,Group2
85.37977494659017,58.48287680055751,44.40437492022029,33,44,A,Group1
111.80626905613678,56.429877193974455,62.62343214210638,40,56,C,Group2
117.37893368511106,12.146599900901197,48.889783179245136,19,51,C,Group2
87.68976522472434,53.776849683404436,40.177880065432426,36,52,A,Group1
114.45064193866483,25.03257824479294,99.38483888996981,35,47,B,Group2
106.19171390404748,52.66755678436182,88.0314762148927,27,53,A,Group2
112.33090239991735,5.635653439134803,62.34059581594401,40,44,A,Group2
128.4518947398092,53.62461592329283,56.93773611822828,32,52,A,Group1
96.31917825995694,372.0861454852203,62.06604798245841,27,57,B,Group1
88.69395753463766,2.4706499447150345,20.131210782243325,34,43,B,Group2
86.65728355561716,188.99315562811142,39.51377432643186,33,55,D,Group2
87.76284572551843,26.120284122729863,3.945953289089932,27,50,A,Group1
98.84347435878844,102.30167305078766,47.554603748682666,29,56,D,Group2
105.11727962224965,76.25150284671463,54.302458395766315,27,50,A,Group1
104.15036198995028,41.85275529632762,22.77497361032096,41,47,C,Group2
112.40774873554035,67.05633929263293,96.40288471655137,28,44,B,Group1
100.1950283781686,105.39845504791698,90.9454610937242,19,55,A,Group3
121.80301115735975,25.887503932435134,72.21432354559059,24,46,C,Group3
96.03014750143066,19.802961239550324,53.33866287653626,29,50,B,Group1
140.8025374988443,55.06981585861534,86.99691596476849,26,41,B,Group3
109.3850102164751,82.47289214855367,13.065234382346292,33,46,B,Group2
87.14263665375576,71.8341684410256,79.0509794274885,34,53,B,Group1
83.93661252908332,79.92827382238877,12.48208139668483,34,42,B,Group1
107.23708622864778,28.598124837094325,79.42106625494054,33,56,C,Group2
96.64805822011223,85.14190531929316,27.576756825135696,28,53,A,Group2
110.71000741138138,6.403548132678573,87.7090581018189,27,58,B,Group1
107.09856436860318,39.316781417214145,94.40420938253979,26,45,C,Group2
98.9075663101469,0.28876527581269273,14.879596940511563,24,45,A,Group1
87.29809422897392,19.621459547159393,46.267560506539354,29,50,A,Group2
77.27729162971204,22.821728131459306,98.09873781626851,22,49,C,Group1
93.30227571899468,25.22335175943337,48.34074359731466,30,47,B,Group2
112.84598191485209,59.44882510155721,86.35475225145451,30,52,B,Group2
103.21140616195306,24.596767135570325,58.87315221313199,31,58,A,Group3
81.31391831932018,29.77322927819642,37.53299079196019,24,49,B,Group3
102.59771388776772,13.560532436598896,28.57835555258702,31,39,A,Group3
105.77976069593255,23.36052002753381,20.322309108608728,27,49,B,Group2
86.742138456983,12.891254876652441,76.17981913776973,36,62,C,Group1
102.30587658918292,3.8006544127693607,38.65405068230279,28,41,A,Group2
100.87313077669,46.24747976592281,51.12754622007512,35,56,B,Group3
82.85544553254066,55.16307375355345,49.23254800011819,31,53,D,Group2
105.36681040522424,48.31218650742091,57.727902923313124,25,55,B,Group3
108.41176789552351,31.13388075084737,86.55771456245522,31,53,C,Group3
116.24576864762915,23.884517238994995,98.07393435834294,30,54,B,Group1
115.80703078052355,99.51063609473775,40.758420857381694,24,52,C,Group1
79.33495948064363,36.60290274007968,82.7518922106303,29,47,A,Group3
85.93262440127316,32.61771957576247,76.45277946547176,18,50,A,Group3
107.7255290081299,1.2988276971007235,57.352895145557326,33,50,A,Group2
107.70678926368313,20.870394070539884,95.60471436119332,25,61,B,Group3
107.72571529459071,23.91756824494026,20.04745155284028,26,42,C,Group2
157.7909723598208,25.44327570989996,10.92642103096214,28,45,B,Group3
108.5633576603975,43.39555274326353,85.39619669554222,36,48,B,Group1
117.03348460270898,38.135855217643446,43.91498166337483,27,52,C,Group1
114.31002645239803,46.812567913740985,84.69688542070605,35,42,B,Group3
109.77086876958697,72.38365643934405,89.30902051954149,25,49,B,Group2
95.27096133039481,83.82852007425824,6.245759361907144,29,57,B,Group2
111.38453830739901,63.314237191569546,88.34647629860606,36,47,B,Group2
88.40762178193643,155.63993625021027,44.831905536942216,28,46,A,Group3
96.44772089889986,0.9200422291350013,51.04324890042322,36,46,D,Group3
92.71954678256344,10.893995535625647,62.659251109321026,29,60,A,Group1
101.22811209079484,0.37958092657078446,92.63826067300867,40,47,A,Group1
134.71987850010262,52.13164632038758,1.911609442976403,40,51,C,Group3
71.99102211112378,114.15410050332385,47.68434683178171,30,55,B,Group1
110.2939028556177,13.951467213888675,68.77220424305607,30,59,B,Group2
75.80926193215522,130.88845831118593,72.27069576982285,24,54,B,Group2
92.92102201315849,3.107995096936032,69.2532431537108,34,48,B,Group3
116.33425895451049,136.2364461500059,13.443512940812186,29,50,A,Group2
100.96420028643195,21.66412396532692,29.93955883716812,33,48,B,Group3
83.8338283310604,5.347023069596843,35.87155254170135,28,51,B,Group2
89.27044436110047,33.26412744497058,80.4437207679505,28,46,C,Group3
110.19396623402014,14.837928153908594,27.875987241455302,36,44,B,Group2
89.04450052424295,16.764749629583097,21.070496386720315,28,54,D,Group2
103.24687884372962,18.35718935806393,95.74480190380962,22,48,A,Group1
100.6835775985572,81.23415099827118,0.88632851134689,29,39,B,Group1
90.22599478591275,38.73535690691302,99.78208556819781,33,50,B,Group1
132.1591613398799,18.648034787672625,67.68212988573956,28,49,D,Group1
109.50878533477017,47.12323804772562,82.84692994491171,24,49,A,Group1
69.6228612001359,62.965586232405066,29.461939634619316,24,57,B,Group1
102.79681472154141,15.915587110402301,1.4315277667059978,31,59,C,Group3
90.07320302847418,26.683316697955107,73.78695185615301,30,50,A,Group3
112.78650002194335,6.498947976070027,83.41445970006758,43,39,C,Group1
88.11218892350949,9.992678386106936,74.04761319535191,39,46,A,Group3
98.27895337799652,57.14668463130851,14.285028730083859,32,48,C,Group1
107.57480918470685,10.010328074182361,75.34279222569691,34,55,D,Group3
112.98632791255181,37.239224986605,76.8922782107641,33,53,B,Group2
81.99555389416335,61.72954997198428,65.85405156700548,31,47,B,Group3
94.98248146238578,5.651544176023521,76.61159327955862,29,55,A,Group3
92.87582033258566,41.886943628407344,84.59214396777321,39,48,D,Group3
90.20006151139432,14.823548004624207,61.360411423745845,36,49,B,Group2
126.48181360421646,164.7431485903963,8.860471396967906,30,62,A,Group1
106.07472566441433,33.038418566340354,48.76278096672109,31,57,B,Group3
81.08674068497433,81.99293587176795,7.764933467160507,16,45,B,Group3
113.76792920582164,39.95056249968056,40.75430310324308,45,59,A,Group2
131.8323429551895,2.2191524639933062,40.71064891256276,34,44,A,Group1
115.4869789082672,50.14029917871762,6.600984414024158,33,45,A,Group3
77.2094505106898,151.21002600623663,34.88205339694793,42,49,B,Group2
92.73648890700623,46.016421137691225,11.099809879131485,35,49,B,Group1
119.00366723779933,85.51511073538646,80.82352100092221,32,61,B,Group1
89.38495801571828,107.79732650770167,94.76880259644707,33,52,C,Group3
106.65729142219342,12.943703291825011,7.231647525793861,41,48,C,Group3
111.61951080144006,11.915704709007787,95.51152072917014,32,56,B,Group3
86.09604292632875,47.20635323547652,52.25765993367452,27,57,A,Group3
99.10711965907299,26.468871616678864,29.95656779538739,29,48,B,Group2
51.38098989896391,91.5857491084462,7.686207527616351,24,53,B,Group2
84.63418537998565,115.14081768564279,50.06242680704178,21,42,B,Group3
96.2114777291026,21.803023921175736,79.45155444907486,22,45,B,Group1
81.28325227052726,13.516380730422153,70.70864772666981,33,44,B,Group3
124.48616955897452,75.82596478962243,5.022601146397376,24,44,D,Group1
78.54787933059052,16.06580613670829,7.290183536790352,49,52,A,Group1
93.39933269954524,86.47144627595175,40.28732826326371,40,56,B,Group1
101.96110865929137,27.559665037770507,29.52904940479433,18,43,A,Group2
121.61909933599173,55.06327516026851,23.238432305604782,31,43,D,Group1
78.46206773230841,5.02060086455629,28.10044989087136,27,50,A,Group1
117.4474562823244,48.88960345326871,80.34827432968846,31,49,A,Group2
100.1534959152938,30.052806898139252,92.92280536318539,26,47,B,Group1
85.27737023428074,44.16800520333024,40.510269452756646,26,43,B,Group1
106.93155211394907,9.196995746157896,90.61110021324971,28,49,A,Group3
102.98589543360205,66.75606523742663,32.1495701247882,18,52,B,Group1
90.99674684261808,99.31471316059388,47.64369863437916,25,47,B,Group1
101.04703127485028,12.214516334426968,22.602899781599973,21,56,A,Group1
94.2202960470736,5.030510563140048,64.0476042175844,27,52,B,Group1
101.70276017876873,1.1961229965786995,97.89811151748088,21,49,C,Group1
109.9319601178157,51.35713440247937,60.34930960433786,34,50,B,Group2
123.79025224218029,46.709248666195904,35.78140841135489,30,54,C,Group1
81.43276751759726,39.559770669178285,64.78174459905284,27,46,B,Group1
131.995500619844,13.194833147064442,12.292067846538757,30,44,B,Group2
70.71868300716247,24.78913325326026,88.86590802653987,31,45,A,Group2
97.72322357446625,45.1288023769661,50.30839507798363,34,52,A,Group1
108.82475809726864,34.3350857495958,44.93497420396421,23,41,C,Group1
104.2148780160255,220.25665816906633,58.58647884535192,28,54,D,Group1
90.65950720269109,7.334580630766366,62.47838627894025,33,42,B,Group3
96.87816624464087,59.39587812102318,7.177580622651303,33,47,A,Group3
92.6049859801175,25.902480040519972,68.26172212234025,32,42,A,Group1
91.15952864583683,27.948266282585788,24.193168031552958,27,50,B,Group2
112.74403145531537,63.22114307095264,71.39526325065899,28,54,B,Group1
105.35523228947571,58.95362876599073,82.25347943841967,33,50,A,Group2
89.60635607109019,236.9693403932185,80.39585075525203,33,50,D,Group2
113.49399813149876,6.870906206829155,55.25009674078891,28,45,B,Group2
104.60949281314915,5.49686250203277,52.016989231075115,34,48,D,Group1
112.1929317825844,64.4291382836771,14.287596133941172,33,62,C,Group1
109.44443262885419,43.18336252339902,77.53461504031355,33,41,C,Group2
87.56507483616892,16.021329622501305,27.140938044671437,37,54,B,Group3
91.59728439704546,4.137534367389874,49.669542281794655,29,46,B,Group3
111.20940407684893,4.477543553195397,28.42740929275167,28,51,B,Group3
109.15555398150197,112.30592562327945,13.382836299969314,27,49,B,Group2
99.68647609053778,10.651451592998201,62.95576968917366,37,57,B,Group1
101.75991074963173,19.53164964737904,5.4332034822903825,40,57,D,Group2
119.16497343682637,12.851591504781664,74.86452341262,36,48,C,Group3
91.12642916746255,21.924961740521038,31.758679526111667,35,52,C,Group1
108.20646071755057,3.5975680365814915,0.013469300448532007,36,44,C,Group2
96.9671102134916,36.60061610127674,51.11291392372298,26,55,A,Group2
96.7347819515917,3.500342318872068,4.6851908527603126,35,51,A,Group3
116.48165277980786,80.5611021079626,27.616955782089946,37,52,B,Group2
112.38124523482045,13.309865384210301,70.69764874557161,33,50,B,Group1
112.20264454000957,38.827734557429736,6.268962162186586,27,47,C,Group3
119.58218210731494,106.04614082448708,83.93384923560023,31,50,B,Group3
100.31505762449139,52.616602020513206,0.3819922658583108,33,41,B,Group1
110.22929456942445,38.066781628736585,24.682386920190226,29,50,B,Group3
95.34599865109816,19.6028021242073,74.09040561520715,35,52,A,Group2
104.86249528732664,20.24840506119234,31.627014972930677,33,50,B,Group2
98.04785418448473,55.35545752848681,10.189238806601352,32,54,C,Group3
101.45493947489078,256.9748337353652,36.02339188004279,25,45,A,Group1
108.92735538155371,54.21168634826156,27.039328638452552,23,38,B,Group2
87.72668975149791,40.79777554839906,84.27119021605549,37,52,B,Group1
131.3858091352819,65.58727620964056,31.334791758514314,34,54,A,Group2
84.90973927750447,31.293646399120444,78.89324717760073,30,45,A,Group2
81.78717080818402,3.1013421741608775,89.18721448107347,27,56,D,Group3
117.37166310250102,41.31071300719805,43.381741957652956,26,57,B,Group3
111.87494040944404,158.06017136476675,90.9943143854392,32,55,A,Group1
109.36179725578234,9.636958147035177,37.73180539631929,31,60,A,Group3
109.4251826389642,58.559937923412896,96.40784164901082,26,50,B,Group2
99.81629840729629,11.215567187112898,8.928952452557294,45,39,B,Group2
86.54118442771252,38.374971301322326,68.70192665032427,38,48,B,Group1
101.1370683729059,5.083724185118045,49.38140404569287,31,52,A,Group1
89.84257432731832,29.925582892294035,38.76488054556471,20,55,C,Group2
114.62679600126627,70.56283292712283,63.27118787486009,32,57,B,Group3
97.79413927746792,21.352688074272706,70.38570916343312,39,48,B,Group3
87.61754204811233,54.66806364380442,0.43632696503090873,23,56,B,Group1
95.1792123752051,79.34713214581751,16.69530887471987,26,59,B,Group1
106.19397181413436,130.98673463521044,71.30460506343186,35,42,C,Group2
91.54413170794038,13.37058438577778,66.63854135782064,26,62,D,Group2
87.66669406650352,25.48430664572674,96.60475051286772,26,48,B,Group1
103.65530817237868,8.268267266120139,76.1037790250783,33,47,C,Group2
103.67449856663085,244.53274810240276,95.0772707731338,31,52,C,Group1
92.39585236943306,130.86545485792863,70.25405015348069,34,51,D,Group1
92.93442541572516,38.82177993995614,29.805220863944314,33,51,A,Group3
103.48074906036454,92.26854960309858,10.536492225085647,27,55,B,Group1
78.27873487754013,36.79834776491431,78.18238633449356,39,46,A,Group2
78.88804338435168,48.85324243108654,64.4149221475916,22,54,C,Group3
89.22333668121345,4.66744897715109,4.818601239329623,34,51,A,Group3
96.7982927243223,70.38007175778695,36.005046590097834,22,38,B,Group2
104.66361348397007,6.831866761445355,95.67998154842861,34,45,B,Group2
122.13034325424329,87.45443674676696,50.04011457102012,26,56,B,Group2
112.86489434803029,76.16945335093325,43.272913601970465,31,53,B,Group1
97.60092205054859,61.67775345468045,45.7699605159294,43,44,C,Group3
99.71475688145966,1.8415184025776559,20.88827240051637,30,59,B,Group1
84.96205953043287,18.057702002577507,36.87071708647952,31,58,C,Group1
99.72230296011415,15.266006958956375,36.98132559871766,32,57,A,Group1
95.67012041619793,22.32501310097585,5.2355020187472405,25,55,B,Group1
104.84077840507135,4.5861820286188815,76.75676285179182,27,42,B,Group3
87.59153584671516,138.1975650446037,41.6504431903879,29,47,A,Group3
107.79019771361759,40.34965093815907,82.21798868164232,31,50,B,Group1
122.99108369503867,18.22990609738011,85.03480011198954,27,50,B,Group2
98.36859777314713,25.290371555329955,21.199405469865805,28,51,B,Group3
106.02567583148412,29.63818011213151,65.73534821701286,33,54,C,Group1
110.35215987566669,45.8888835110396,47.22818041629817,23,55,B,Group2
93.98169292171245,36.25041260227198,88.0156737921485,23,43,A,Group2
103.36138722715626,125.90785232588233,21.57406791764541,33,43,A,Group1
100.18888601172692,34.35462564603948,67.78132003100443,30,47,B,Group3
101.46514147823248,242.41316326801177,60.775212225272256,32,40,A,Group2
88.404853242168,95.33325566641402,29.53014775718328,29,47,A,Group3
100.36765261388415,11.691934191971594,13.660090365117261,37,52,B,Group3
107.46997436868175,133.3899730294427,65.16397604772766,22,66,B,Group2
121.76715411692562,6.185638975497147,73.85974581323308,31,52,B,Group1
114.3890623912781,85.03647870053629,31.562734376335,21,45,C,Group2
132.29773686267333,23.952080933354857,64.48326040223138,22,52,B,Group2
88.48978655667926,105.1761884121618,39.51309076115032,31,54,B,Group3
113.08480955081018,101.26914595778133,71.32068832826177,32,48,C,Group1
102.75013008607527,81.97563291787237,19.92152748940531,33,46,B,Group3
132.8470439982651,78.03963467821305,89.02150026361744,27,48,B,Group2
87.87552571967272,18.16909347958934,28.74095964655797,38,44,B,Group1
87.40417236728835,4.219066460037473,36.77859877561529,31,45,A,Group1
91.00911031833967,25.790248237114984,5.8091952080349785,28,56,B,Group1
68.1415641353529,9.529251168332879,11.15122123212764,29,44,B,Group1
92.11367467478858,59.3641575488737,51.58619027123281,33,39,D,Group1
88.61301007669454,21.24002131065532,26.75926767279715,28,52,C,Group2
102.25590679714311,185.67951510635413,83.54802257421944,19,55,B,Group2
105.12633963665739,51.21775572680621,1.4693388654953843,33,55,A,Group2
128.1425625882383,86.43375877049688,37.90940486719362,33,52,A,Group3
114.25635757279075,7.108410438327972,33.73455467690927,34,59,B,Group1
91.34644516506395,99.03032716682254,1.9327630917601035,29,51,B,Group1
86.52377992977463,128.04007243080665,12.436839900051023,26,48,A,Group2
107.37878757259759,33.38000702741247,41.36426749186353,28,61,B,Group1
80.19650189469037,46.602327491249525,49.28645844474466,27,56,A,Group3
127.47188148781531,72.36803671659189,40.42897472548691,24,52,D,Group1
117.69160181081931,9.608815422728965,53.093767841209385,28,53,A,Group1
92.96236521842943,34.914627410819726,59.51316749056815,29,45,D,Group3
74.30298206363683,25.42999078347839,0.992382112783563,33,54,D,Group2
120.3080856124812,7.913105552263051,46.409515945350385,32,48,B,Group2
98.28190232121074,22.906474122836578,96.34992408875883,23,58,C,Group1
118.56724467960193,3.5303681352055105,51.90322801295487,32,50,B,Group3
76.0835851180845,1.3075439984406323,67.75422674589532,28,52,B,Group2
91.0093746556934,7.260901616428179,31.18638579168832,23,54,B,Group2
100.07865549577275,164.99766699885538,77.39913781527625,24,49,B,Group2
100.70470890647113,39.87313832790614,77.2921481876115,25,49,B,Group1
93.24901792781135,168.8088915942053,52.129604765413895,31,48,B,Group3
109.34274898521248,28.325539550412493,97.60138232792136,37,52,B,Group1
83.98569355926108,18.684961416535202,12.555021476265338,27,55,A,Group2
97.8643077246806,35.275348738864984,1.6947664889580993,31,57,B,Group3
101.80443447567848,28.947344531327417,77.0158211757096,31,61,A,Group1
107.71658251088124,5.583725029919597,80.71555373648826,28,49,A,Group2
110.67422317133335,51.197460219874635,12.020722912057625,23,43,A,Group2
83.13036862243196,12.169748099916532,26.55828329586061,29,51,A,Group1
76.98828743896567,48.325014225288186,1.755236336662891,21,51,A,Group2
119.16515232847763,52.519841966230985,29.33086107805647,34,54,C,Group2
104.98471017969388,8.24519757772232,77.31418739186715,36,58,A,Group3
88.7727019516517,3.165610447526569,51.79605277125789,30,57,B,Group2
123.26727963283784,75.8797746611965,34.80955931682881,23,45,A,Group1
101.73511951439288,30.790831104569317,37.17392949063303,47,60,C,Group3
117.6894577609574,2.996195005190793,0.1353625715468154,34,55,B,Group1
101.01277722115164,263.59659883683327,29.98005275652359,28,58,B,Group2
130.9112188732298,2.975854071221184,64.64587416379305,31,49,B,Group3
126.33011263664807,59.37795067500756,97.41944438163571,33,48,B,Group3
96.2655377728139,205.76490388284765,84.70608269838995,21,46,B,Group3
114.57356426431534,13.66793084785735,2.3594964645529126,26,55,A,Group3
109.68063924377721,7.672093061679247,89.85606046748393,29,49,D,Group1
120.52947336298523,6.470420301200468,78.3198413298626,28,59,B,Group2
85.52614809129844,18.06823529705549,78.03761235709804,28,58,B,Group2
110.29077189997659,5.326160177578075,45.79957590035715,29,54,C,Group3
115.87636730274382,58.90897349640917,39.80052929545028,31,53,B,Group2
73.61890770365329,3.2158231899763545,30.29157288331926,35,63,C,Group1
82.25112231001337,35.60856262173184,6.569485895436578,36,54,B,Group2
69.4115173335985,285.64399433999677,22.82353634936991,35,60,C,Group1
95.95889748333164,84.09243883383577,24.66036349780246,29,51,A,Group1
110.76313383693943,47.754103830993685,48.40770697102016,31,49,C,Group2
122.53535578144042,18.282441654349263,74.7444406596694,25,53,C,Group1
101.11142170629662,48.89445714095118,47.38098283979466,31,45,A,Group1
124.42923318356938,37.43737779397671,5.784444944716061,19,53,A,Group1
79.29847812677663,27.763558065834786,95.77898009882038,35,48,B,Group1
74.44926340967268,7.003946293017256,94.27243190941122,25,54,D,Group3
99.16678451655072,108.84355299060238,78.51895431484084,20,54,A,Group2
105.76098173408961,29.87227648963911,99.13279015642206,24,50,B,Group3
99.5095787785886,10.82220910307068,54.448233280026294,25,59,A,Group1
68.98836849940184,22.92425916914676,96.27683502532061,18,42,B,Group2
98.66319940730817,26.7328467310067,7.560504061675077,30,56,B,Group1
80.4329574924272,87.87888755452667,36.568074826137135,28,51,D,Group2
110.04508823245058,66.14051614296392,22.538126800676583,23,51,B,Group3
105.49897369145272,73.33291630850958,19.583308413427,19,55,C,Group2
85.90180320508966,0.5546280010766932,14.08029488926761,31,61,B,Group1
92.2919962399496,26.90590132204877,62.241364156599666,37,53,A,Group2
84.11179717166573,32.82573605190803,78.1321855747305,44,50,B,Group2
99.05981354090243,0.968941973322315,57.82983994203607,21,40,B,Group3
114.32713480751858,15.042635201091315,14.696270958820968,24,61,D,Group1
85.21410930496684,71.4162340857189,81.11237699334708,32,43,C,Group2
107.56069773276766,7.373385866694464,63.59547071637285,26,56,A,Group3
92.04613572441339,38.31925226324291,38.81657061269955,24,60,A,Group2
88.10690751606484,12.116437803844688,67.4130295536063,22,47,A,Group1
98.39454460068163,0.609741512438881,25.990497924283286,26,46,D,Group2
84.4713651637094,13.800948092514966,34.51922084942105,42,51,C,Group2
91.69526041979228,186.2227511571439,91.74858431319902,28,53,C,Group2
82.03183161116728,80.85765789807736,29.05045056714204,20,49,B,Group2
129.47087699374583,160.41737750956167,46.99882681579366,33,44,B,Group1
100.52895327957593,33.457281205558395,89.01411373960147,28,50,B,Group3
89.50411738011121,5.811872709759625,70.77213502675275,29,54,A,Group3
103.20969866101333,39.699173850084726,6.220322616470275,27,50,B,Group2
98.31507925463755,30.291381554346426,14.730304427897034,32,55,A,Group1
96.68545600700166,93.00954436999046,0.7841590771916818,27,44,A,Group1
109.21250050065137,5.161615804331191,63.09217902291634,25,52,C,Group1
111.36261565070957,33.49508678149231,44.767342541041835,24,52,C,Group1
92.04248278584208,8.128809185896223,13.427485090227552,33,58,B,Group1
91.3627263903298,19.628129750685222,95.79341210567705,30,47,B,Group1
95.87422454272534,66.84799390123955,52.96597239456199,20,48,B,Group2
65.47118252896622,32.31490966458089,24.189329411288917,27,60,C,Group3
77.27213406702171,23.57129482107963,50.06035711547076,37,54,C,Group3
120.50311401166786,25.08307700792891,67.96203327351078,25,48,C,Group2
124.67451570251926,30.75810804584616,7.623921797356448,24,39,C,Group3
96.26445940665432,76.8597100947232,27.4703815047892,27,56,A,Group1
108.6483544458365,111.32042581618732,80.69654908839937,29,56,B,Group1
104.66875231815304,155.42790315111498,45.966487040266124,37,54,B,Group3
146.18321212682855,77.30048152278488,54.65771420322949,33,49,B,Group1
116.79362367151865,18.946531280202564,43.28160022094693,29,48,C,Group1
98.0812361277885,58.259196734051024,4.389994264300512,28,51,B,Group3
85.66689339099361,28.777374668244693,16.574977982015593,33,40,A,Group2
75.90330519613642,14.696452012448885,44.554163874189086,23,51,B,Group3
103.05195453800835,91.90218630952891,20.918546540792782,25,55,D,Group3
88.65473882073545,1.9592058371878027,4.997902865967873,33,59,A,Group3
78.66619435603488,116.01810465201861,84.36496640518237,29,54,B,Group3
90.3014067363621,30.94629674196398,98.11925291641158,31,53,B,Group2
83.77677994578407,50.69538156672787,79.31428739967394,24,55,A,Group2
125.30712452608847,53.84556178581311,85.3784921704667,31,59,B,Group1
113.22459635424175,112.74584490295103,24.197713031704538,25,48,C,Group1
99.88041038025074,50.62214460021356,96.06269755131997,35,51,B,Group3
122.19916208335039,47.5872932055436,19.692570445342838,26,53,C,Group1
101.16052461471428,3.4488600390952704,95.14298103618323,31,52,A,Group2
87.08073698007604,36.532902099460905,99.4819293965951,34,39,A,Group1
122.84686115904486,8.135888687831075,71.17228057460487,30,53,D,Group1
108.08365065526988,66.86259595713724,98.1143731791822,26,51,B,Group1
84.44130768510315,35.894736616271416,56.95397795671037,32,48,B,Group3
97.14491982874588,57.007317333575415,25.954178317609035,26,50,C,Group1
86.86572619922865,2.128305970817718,43.699588566562085,30,51,B,Group2
79.25800403553495,4.4301967334239265,59.35609353787859,34,46,C,Group2
113.89266321297463,62.99601899914633,7.308156202701499,31,44,A,Group2
128.64124960705195,3.740721481731317,62.234326461724606,24,46,A,Group2
79.02148639271289,3.696146343450604,98.11778367622945,21,59,A,Group1
108.44453855035856,0.6091190004897985,19.010764978372762,31,56,C,Group3
90.24036146317259,156.75132431098945,79.25951162883833,30,44,A,Group2
92.69311924352957,66.87680215078305,90.78987937796194,24,64,C,Group2
91.11409113641696,21.78988178668496,94.37015928202209,37,51,D,Group3
87.04013845480276,17.58689906150494,96.01356044054472,38,50,B,Group3
100.7278244191724,21.516322533344002,52.14596387214719,36,42,B,Group2
87.53574825383444,74.50580998658252,97.73079079915037,31,51,B,Group2
104.05685238669759,54.14245088142516,75.73102071344388,26,48,B,Group3
99.24642835826295,10.240357755499982,16.16714362369619,26,59,B,Group2
96.41577929700385,9.564644072751095,47.690010646797,31,63,B,Group2
86.38654506937603,5.178974559716974,71.8331175372004,29,50,D,Group1
91.34843004147501,53.98502050167564,24.734031581908333,21,35,D,Group3
111.33086838738635,72.27518996118579,64.06151835488873,24,61,C,Group1
107.5137578143657,15.397397477679513,66.66004790466192,25,46,C,Group1
85.33667132802174,1.0583709225807563,16.26997438085659,28,46,B,Group3
101.48998458143839,4.2872453728468045,56.50853124527563,33,52,B,Group1
111.27080685057683,171.88275014186715,77.16269109786077,40,48,C,Group2
74.95892078317942,17.509428265181267,49.88956645359419,29,55,B,Group1
108.15040288569902,73.31520216520101,1.2103116776107425,33,46,D,Group3
90.0606436158123,48.9966252744019,0.9038469079292177,34,47,B,Group2
108.5589800288974,24.05845779146629,35.702934397001215,37,51,B,Group2
88.55111265186224,11.513900947795177,92.6194068431782,26,51,C,Group2
72.92676849003222,6.470504452855058,22.867677960360876,23,53,D,Group2
75.58686343175256,47.72728142397403,63.43636888716871,30,51,A,Group1
100.72127419992073,74.50142791704589,22.207587069332057,25,56,C,Group1
103.89583752582223,51.62778167818545,32.16699896595486,34,50,B,Group2
86.43525062343387,37.78328138432362,84.8042089601484,28,43,A,Group3
109.57888688166061,2.142829365455452,72.88614422699469,40,48,C,Group2
75.0771990659656,172.8705764876777,9.539927731321063,35,49,B,Group1
99.00880302029024,80.151472442218,42.87020209864336,28,51,B,Group2
81.83475700356315,17.323646431882363,2.916976364526447,33,55,B,Group1
90.22245838296762,195.52702863586092,48.0890146603009,31,47,B,Group2
100.71098006974621,46.050290223474,66.24340117010681,30,47,B,Group3
87.09379952074072,43.66427510224252,11.850262359815156,29,50,B,Group2
94.23166683655262,68.93083141025073,28.888493890916568,34,45,A,Group3
115.0943921382166,83.50447669219385,39.783662550215695,28,59,D,Group3
91.34662195715276,53.42529453740248,91.95310246560497,25,53,B,Group2
112.53538168097712,6.853783099019248,99.32550154229641,39,48,C,Group3
83.05439718013574,20.644694615775414,4.491129899561585,36,45,B,Group3
107.94706266872925,131.6125753212103,76.1007923495392,43,49,B,Group1
121.6235293098685,12.719819393547196,37.17240664023432,27,51,B,Group1
62.92533249809066,23.274055470633982,39.245818622948,30,49,B,Group3
88.04657116794284,28.28846133593655,75.42649733470228,26,48,B,Group2
108.6560819077081,28.937827046166646,91.84264321454087,27,43,B,Group3
96.9543192093551,47.458724027611595,95.09285945025483,23,58,B,Group2
105.56718810056964,143.30176918900978,57.712258603832076,42,56,A,Group1
90.94022219926269,13.767436213709322,35.71211593005028,27,60,B,Group2
101.2988468120935,6.4770469002476165,78.75490858587793,32,53,A,Group3
97.66484146911881,10.999332594693238,25.100138326230027,22,43,A,Group3
117.5167309248971,108.9851540550276,56.40740288335178,27,45,D,Group3
103.8163126495182,51.89620405381139,35.85784615248732,34,50,B,Group3
105.06403993112804,16.83708889395092,65.66310737078761,42,50,B,Group3
93.821845508163,84.62655938873603,24.03989128935069,37,50,B,Group2
92.6859066389126,98.79733695998478,19.159294573482576,33,48,D,Group3
93.51162718270568,93.70740639905377,91.8239086675437,33,49,B,Group1
105.91678213567445,125.61997716371161,10.18036829495369,37,47,C,Group3
93.68523278769605,14.533728620730772,50.595790773493164,30,60,B,Group2
104.34662285344619,70.33341104115277,22.085278296300892,28,55,D,Group3
131.13101197968157,30.859285392605713,3.892996332566745,36,49,C,Group3
113.06687055147539,92.25755435367259,3.601881829142639,24,61,C,Group2
95.10964701748239,65.18794009673783,17.522177210582733,30,44,A,Group3
118.01820883245918,74.90543769327964,86.67703545060003,29,42,A,Group2
93.87886940467673,53.37920953421046,28.247874397702667,36,56,A,Group3
69.4281319723322,9.766009881197293,95.04591705752958,22,47,A,Group1
84.87870533623894,39.37585120961023,58.16222929891936,33,46,C,Group3
71.93812118461216,208.89632975084726,43.66141897687661,28,43,A,Group2
94.72729773938038,138.53996940037163,58.00888346694546,34,46,A,Group1
100.27627568784328,2.2066723058793034,51.669838522626776,28,47,A,Group2
125.14655968412924,9.005090057537746,75.87762537573252,33,52,A,Group3
104.90391060646245,7.062557007634263,28.249606597285226,26,45,A,Group1
96.71349206786704,64.72769270301934,35.30503916003024,41,47,C,Group2
112.44108371775233,85.12848903479231,89.40943025332507,35,57,B,Group1
66.83297036488173,12.008850417502643,94.64565131504055,23,51,A,Group1
103.53421837162848,35.24608069197645,89.25582274864745,28,43,B,Group2
111.5629779083045,91.84925352389018,41.94479939573136,27,52,B,Group1
77.82120631330238,65.98818093235882,78.03655030068816,29,50,A,Group2
117.15631064810394,39.07020724768975,47.63357333010988,30,55,B,Group1
105.07744611241621,44.622325228501616,49.75398521461022,26,45,C,Group1
93.77068129148797,35.5004825034203,20.468010905728395,33,51,C,Group1
109.49172799159427,17.658942500081025,59.113030325851646,29,45,C,Group3
134.06039286706593,41.622990373407774,18.613589775334795,35,47,A,Group3
102.72799382587743,58.37968155484062,33.15646990671938,36,55,D,Group2
103.72330879450504,103.30570375537262,85.50302016199352,29,48,C,Group1
93.10958650689633,50.57010774374272,20.707580921085523,26,54,D,Group2
87.25233445802812,71.5900189792763,7.115828517343282,30,48,A,Group3
112.45503724816368,8.721933524456189,6.90075926128163,29,54,D,Group3
87.15874261136699,30.9537259333188,94.07845205031079,27,46,C,Group3
101.07349355829089,0.46877160822280783,50.69204379618346,25,48,C,Group3
92.83513829852325,14.163183367893344,40.941207181701834,25,54,A,Group2
107.18469738619588,64.81568428056428,81.08785810079185,39,42,C,Group1
105.00493157930423,240.24177204430694,83.5825927910516,34,49,D,Group2
115.56309916386849,5.222385485554638,33.21910331156046,22,51,B,Group1
92.3497540171788,25.665962836070968,69.36180574737952,29,52,B,Group3
95.95187597059943,80.48964094508742,77.11228158518865,30,43,D,Group1
85.3185442632654,11.410043063078188,65.46506868659546,28,52,B,Group3
93.33560109885832,40.493595617380784,15.159507480009937,34,54,B,Group2
105.65950739567279,66.03868412840677,87.5883083517057,25,49,B,Group1
111.35482924968028,47.85374185823829,53.90945527360087,24,47,D,Group2
86.16752013733561,10.414270031672503,28.24724263700037,28,50,A,Group3
113.0440888015849,21.955068526149535,42.52281854376939,27,46,B,Group2
120.33456788207427,76.57566874469937,3.757109039890738,33,50,B,Group3
106.20152354835551,40.39721675980882,12.786680122241755,34,41,C,Group3
128.151937188371,0.2621667917122488,76.55467505158609,37,52,B,Group3
88.3931620134464,71.56265334138119,0.0011634755366141114,33,43,D,Group2
81.33017945032874,1.7974938655777102,41.65658284822922,25,54,D,Group2
73.31919626643582,68.46867306765219,52.251018108558846,27,57,A,Group1
122.44066467233775,11.312453432593609,5.4634420000972295,25,39,B,Group1
109.81548484531086,158.5918359779893,97.30781629723329,20,53,A,Group2
99.16622993634317,22.93860706448017,22.612533124967193,31,51,B,Group2
104.19952939479731,19.795417215167816,30.419871963628086,29,39,B,Group2
83.11766429052435,8.060580416755945,30.39425122550273,30,55,D,Group2
136.6862796942524,18.235659317442863,23.04166621173499,19,54,C,Group3
101.93831772962841,104.63678060883194,0.1473822086311416,27,52,A,Group3
101.64092191907339,280.4373115354528,72.93447940879963,24,50,A,Group3
110.88649935848038,22.967788413439006,96.68454997992853,22,49,B,Group2
107.2151384760507,29.765703025518476,22.429348328504506,22,52,B,Group3
103.35826036418698,64.01946856224548,66.30471918034225,39,34,A,Group3
88.14288316832032,108.66378397315071,74.18963269587151,36,44,C,Group1
107.07202535703993,44.952551433930836,84.84253790905247,26,48,D,Group1
128.2303674471255,24.84002997279657,42.262919701360914,24,51,B,Group3
120.18130069232467,26.60432215751686,30.293090564042924,38,55,C,Group3
123.89779939959095,59.47361343779222,32.52951340230311,26,49,B,Group3
92.33176485353222,0.16117266761173124,71.26213330985128,28,53,C,Group2
85.15592769612128,48.325195944629264,81.6779466505636,31,56,B,Group1
98.11319619850528,21.963480586487478,18.161396775660265,33,53,A,Group1
100.83587368433042,79.04187440553979,37.09410081577652,27,51,D,Group1
116.41287277706422,4.880125449492802,90.19401967491501,35,51,B,Group3
74.61303055427771,44.36114946889184,80.66935196947392,32,50,C,Group2
122.9432547919092,32.78995809468057,98.48584027624759,31,56,B,Group1
97.62988152131516,51.406599823732236,75.42482596820807,28,54,A,Group1
93.5967839507887,3.352608925534093,39.319520102792225,16,53,A,Group2
84.81843437109748,43.37309835440721,59.06378339946377,27,53,B,Group3
75.17714992201346,41.21801603014403,66.10142542473203,24,55,B,Group3
112.34755875942872,41.1240946550342,7.845581631712395,42,61,B,Group1
101.09976950782605,46.25240663537058,54.44969591038651,35,49,B,Group1
80.6505865038842,56.4228528911877,70.93208284726096,35,46,B,Group2
80.57381841904575,81.73496550579964,16.732130400106037,32,57,C,Group1
94.96322951064808,15.723259306312464,78.06317174255571,39,52,B,Group2
125.0353228793409,87.16258444056155,58.37727805141116,32,46,D,Group1
96.10612972954593,34.48323081298047,95.22217856975946,20,49,B,Group1
77.45285570322841,4.009459373168457,4.24222982068917,27,49,B,Group1
96.31385403871083,3.0167513037528804,26.5326137555467,28,52,A,Group3
95.90914645378494,20.341175418012742,60.15538792998241,32,44,B,Group2
59.546700355876425,76.83190946985042,29.65599122059307,28,46,A,Group2
99.18557700223282,61.495469201039214,71.44241640712423,24,44,B,Group3
96.53598204686983,77.70369982367988,75.9005282521931,27,54,A,Group3
110.44309547220128,36.414791660759406,10.251596406647446,32,50,B,Group3
127.73434142418017,29.008695594895162,51.38544642067677,28,48,C,Group2
116.89847544321637,7.976319211344142,50.889055559105586,25,55,B,Group1
95.96666964167754,19.889190766618263,36.92807702155411,35,54,A,Group3
83.40211136887494,28.459770860961658,93.29248625696721,27,51,A,Group3
138.6003970487479,4.638693580128087,82.75063198732212,27,50,C,Group3
100.88827651021732,12.46231109903065,69.72093819096368,32,40,A,Group1
100.2089393786942,45.59318902293805,71.43266357349975,28,47,B,Group1
99.63812369334995,66.52654534548505,46.17161438131191,23,48,B,Group3
102.97127141151782,320.27364403170714,92.09945210965759,22,51,B,Group1
97.83459382114086,135.23778022021577,69.45954272532853,40,51,B,Group3
91.39506989679646,51.440115490143626,72.89810616558164,45,51,C,Group1
91.79711588139412,27.344065497429888,86.16909037873452,34,56,A,Group2
99.50870094676003,50.554439788992724,27.4071589342191,38,56,A,Group2
91.84862843299352,77.00763173715464,80.7070903866703,30,47,A,Group1
89.30731325984253,6.2972232243017014,19.524060295649203,27,44,A,Group2
101.59645341537845,26.373577558486446,34.53419522448878,34,51,A,Group2
96.17534173868717,91.56732559190152,33.56104542698427,42,50,B,Group2
122.55989482874033,24.21185851424566,97.85254683891405,32,44,B,Group3
60.23545287410482,42.416684810502254,85.65372237479268,18,45,B,Group1
116.37260277883692,44.308614126586946,70.11698615902597,29,55,B,Group1
118.69127788746444,10.196236897517547,72.70567616153902,29,54,C,Group1
68.89914651387775,22.48930472744652,56.20727944025711,44,38,B,Group2
94.85968608879477,20.36168020443175,94.70906671085191,30,40,A,Group3
94.42838701006313,1.3272977607334806,49.62587528823615,39,51,B,Group1
78.88732457923268,1.2244595635265159,38.05177098698945,34,60,A,Group2
88.33274968613686,89.09948060695697,16.3035336931591,27,45,A,Group3
83.34136231801257,15.946310321501752,78.6205652261058,37,54,B,Group3
126.28405665135435,36.49872968592603,73.44439320755914,32,49,D,Group1
114.03517589721191,17.742799503994654,38.43550385241349,35,44,C,Group1
119.07332642491238,141.23980180792614,2.519341395922936,28,50,A,Group2
110.82508096064853,15.007760910029717,83.89973277180107,28,60,C,Group1
83.06422343174157,28.07585082092952,1.1417983454073632,29,52,C,Group2
92.1321960058034,103.07232165577965,70.3699779629051,28,54,B,Group3
107.34061841841877,92.23699354910642,97.02571097260571,24,51,C,Group3
81.66808286662082,10.295975634528098,43.766132814820345,31,48,B,Group3
110.69497645258582,81.1371288624397,23.497340499595275,26,51,A,Group3
96.39511902762797,30.64170732412275,70.48710100433817,30,43,B,Group1
94.37768788675604,32.982609877689626,81.71281420155852,43,46,B,Group1
110.66439952305237,7.163502844895133,54.64303160778473,30,50,B,Group2
106.6639496722906,4.201782103666169,96.70352752561462,30,44,B,Group2
94.5855075127138,65.08650507257195,5.166872165796111,26,48,D,Group2
117.38994705046372,34.3047207298425,50.479559830452814,22,60,D,Group2
83.78405008600154,28.710525207056563,71.845394732255,33,45,C,Group2
109.23903410416395,65.3756800657519,86.2640471149179,31,43,C,Group3
108.89651886952575,72.51773494836927,17.925561190779003,34,46,D,Group3
95.35680341029014,8.652721538019973,80.00034817636814,34,50,A,Group3
104.89199533363177,47.10930064584235,55.27070757185453,27,48,A,Group2
81.23329635422046,7.271759976393737,39.65536819899632,22,53,B,Group3
113.86040528810352,69.59049439136747,13.171502857909356,36,47,C,Group3
97.22646795335517,53.4947050307972,86.52957589089124,28,50,B,Group3
92.1591546922144,156.8816392980162,15.727320817971535,37,47,C,Group3
115.73513838755333,3.572545375426614,30.978785920909925,37,49,A,Group1
89.4348446418586,2.937351341241873,29.004553196243688,24,48,A,Group2
78.8730805545466,16.577314679743203,87.14140341908544,24,47,C,Group2
76.65056239714144,15.170636567819159,67.2702994208898,30,48,A,Group1
109.0901492701846,14.183094814786362,79.66813971913723,24,51,B,Group3
80.79355971255575,118.35862371081546,25.046789879249896,31,52,A,Group3
126.32191272976547,14.353859428180332,62.48740996069989,33,46,B,Group3
68.77105888174417,15.869258782709739,57.17459831437487,40,52,C,Group2
125.44684552435058,71.23061267985806,83.28303767882711,26,56,B,Group2
103.16526200803928,29.868204943252852,90.60870604812605,34,50,B,Group2
98.54930332194411,74.96431991292299,1.2156771477386807,27,40,A,Group2
91.82621369786575,3.380021938096258,67.40199190587927,31,42,C,Group2
105.98704171528107,33.42967460518684,5.1835799119729025,24,61,B,Group1
99.43547946362727,1.7095762468974915,54.88586650773559,34,49,B,Group2
116.54952823024783,3.235097575531596,28.76327290436782,24,46,C,Group3
101.71341472993059,118.4562559072742,30.67765995221412,32,46,A,Group2
102.25452642192816,7.497289952322252,35.29585034523566,30,53,C,Group1
94.54581681679217,38.009314053110494,62.12924490496101,27,53,B,Group3
99.14581564418398,26.474571095928066,33.40499656687692,25,64,B,Group1
104.6170265333809,21.335202779726828,73.26990505902803,24,52,A,Group3
74.34747411015061,115.04599685044134,40.45273855738697,29,50,D,Group2
79.7772186684143,1.1032524677500766,6.835320030995861,29,51,C,Group1
111.14896141034072,54.500919041634475,78.37598424841073,31,55,A,Group3
102.56298157191912,165.37774897341833,28.5758324592706,40,54,B,Group2
97.24024995470981,41.068143014042604,43.276687959926264,30,48,C,Group3
100.27650899598089,138.09032264595595,68.54438832219016,34,50,B,Group1
105.21372558042506,2.6836419147912025,33.2456157148712,30,47,C,Group1
91.90360479535957,27.132442614864804,5.658565614671563,39,53,B,Group1
88.3254291189653,15.065917327534436,37.39210470128136,31,52,C,Group1
102.93767882646523,65.61892815365702,94.44485826943034,30,62,B,Group2
85.32440833577452,198.95380894208412,64.17343972985582,32,46,A,Group3
106.12379133571707,14.82134737918257,67.1479148667207,30,50,B,Group2
74.46124593643239,53.09106299150158,63.22821536376399,20,46,D,Group1
115.43733455988465,11.038420756713982,19.899213895943678,36,49,B,Group3
107.08896223619564,41.658437107397916,41.833386410228016,24,50,B,Group1
103.84044601470814,31.174758408616093,75.09397983633183,35,47,B,Group2
114.74036475918271,178.78705654540576,10.137289755315916,31,52,B,Group2
124.98211666693865,46.891971401886664,27.785277608971228,15,50,C,Group2
115.21555097527195,21.50118883764553,27.631910846585363,36,56,C,Group3
72.38688653002532,6.057322178781009,43.2018927594506,17,56,A,Group3
80.80634549896448,8.199343186071815,98.0368740942185,36,51,D,Group1
90.62772133456482,12.765063757044114,6.750254668382194,29,49,C,Group3
100.3913657531625,14.448589278068491,51.870099438059505,29,45,C,Group3
107.76488530703685,95.06177471315553,17.936468201221047,31,48,B,Group2
89.11384280269802,41.188174255839726,97.06765454097442,27,51,C,Group1
102.80150146715617,37.052932239272174,11.33035047274642,28,57,A,Group2
88.66925601470017,6.095325317064895,40.36010023615913,32,58,B,Group1
90.82723295512078,98.35555820775437,73.78849848346061,26,59,C,Group1
78.90008354727667,64.15338059369303,70.45544280274453,29,50,A,Group3
86.15150130833644,3.5033346359758153,42.272863689393226,34,47,A,Group2
79.724730915755,61.52184503012271,34.652416795271826,27,45,C,Group3
85.36190120534,39.21251503086919,39.76123785528706,19,51,C,Group3
115.80462694911759,4.262937273483414,26.42762631586393,39,53,A,Group3
85.75901666752085,30.652206030335122,20.53329387067998,31,49,C,Group1
139.48573097256087,33.14994092074675,48.303969755889,27,56,B,Group2
107.39976851321333,9.062578881090824,26.853375606760732,31,47,B,Group2
102.77254185542311,145.6598463699748,28.746166489725013,22,47,C,Group3
87.1246332972818,94.84779041173425,65.67560634745571,45,48,B,Group1
110.50464819113488,55.285219513010894,96.85373316998923,32,42,A,Group2
91.36543260643339,31.022311983444283,60.363720055937506,31,46,A,Group2
101.83014721968043,26.531483587842203,7.697946706496628,31,53,B,Group3
138.40126807403192,52.63036671570293,7.558361385406698,28,39,B,Group1
98.55910150413025,39.42037371518962,95.1423220845566,32,45,C,Group3
117.23909989428513,3.214826501356328,29.729079030733363,32,48,C,Group2
89.45235362311169,35.92352109670177,9.206698608247542,27,51,B,Group1
99.47517264254557,82.09898941840662,59.90445871503815,39,49,C,Group3
126.56200953453265,30.738974756611505,62.36487782902661,33,53,A,Group2
90.5954941331835,2.6677486754224664,64.85048201186882,24,63,A,Group3
127.18672836995393,77.15400534056185,26.74020278575413,30,55,C,Group3
110.61627903183214,11.2424866842937,1.5110684214475034,32,48,A,Group3
91.56299836158598,14.962154537418511,96.50153694544719,27,54,A,Group1
109.48611608583282,8.998597170870081,25.089304569110247,25,53,B,Group2
114.58831674440094,20.03993052358571,67.60262880525475,25,51,B,Group2
109.32714943325794,70.6835873908258,70.66298698787095,29,56,C,Group2
76.44662920164316,36.63452667620214,61.00074170794857,29,62,A,Group2
89.09294236262697,11.463191739354421,31.290739421364822,38,48,A,Group1
96.28722046672743,105.11712006327438,27.109625376406576,31,40,B,Group3
98.8834985634993,105.83925255399171,59.76682827027031,28,53,B,Group2
109.31008146326018,102.23400900512183,86.60956336116915,33,38,B,Group1
102.66551501399881,13.642708320346038,94.67337289233956,41,48,B,Group3
79.96983461934849,30.00464482161465,10.590580440375764,27,48,C,Group1
105.70296776508945,209.95078624649756,15.482861259771985,25,55,D,Group1
109.15878617925735,73.92321860913893,94.47362587830797,34,50,A,Group2
108.3968567189656,1.3771639318440763,73.65352283347926,28,45,B,Group2
116.21171088331933,3.371379390955526,88.29938248297731,32,44,B,Group3
112.50883231823356,31.174654888553142,20.263263413534315,35,52,D,Group3
106.88770118842655,119.96592748268404,58.758587110940184,37,51,D,Group2
98.94751432812029,38.68552930019602,70.11395944174737,42,52,A,Group1
75.08558599726013,34.439086952444605,68.01118854469726,27,55,C,Group2
106.44427328698879,5.573048725830221,40.81516908666981,28,52,B,Group3
103.11531530744666,53.46919715654812,1.5394891691308477,29,50,A,Group1
104.0736825579306,86.32757253150997,58.29260568042631,25,50,A,Group1
80.84877136269536,23.93567309835921,25.310153917960875,27,44,B,Group1
83.78415189387607,74.71889591691858,45.02542461428904,24,54,B,Group2
115.79729279999356,166.87825810260492,95.75810150838173,28,52,A,Group2
99.40667269215018,11.393137155670654,39.903531764243475,31,56,B,Group3
110.22251046058936,37.04650388510679,83.98016066644267,23,51,A,Group1
100.42477564195691,16.923368344452694,18.854060574925114,33,57,B,Group1
100.44634209243618,78.7166721608737,67.24604980250288,33,51,B,Group2
114.07425708963997,43.089342046982246,97.70069544389435,30,54,A,Group3
92.25932907673939,50.3357258916638,10.189310087293679,33,56,B,Group3
101.44181165411474,79.95313597255331,0.8319942227192012,30,48,A,Group1
93.06587066942436,25.20660979608902,43.35827926326144,34,48,B,Group2
93.48255658851527,123.30821063064828,9.26254830513672,29,45,A,Group1
95.3624181479704,38.074391872769056,74.83843496762313,28,58,B,Group2
103.3320065745057,8.59608057946592,91.45486638485589,33,52,A,Group3
92.81877067504784,59.5197892248194,43.402097270875885,37,36,B,Group1
118.83634188360281,78.81499229619774,25.871164215544095,20,51,C,Group1
86.58089046670744,19.045577239785516,43.44033190066098,29,56,A,Group1
97.19692533757961,97.30824902566812,72.3447817850001,25,54,B,Group3
93.40403412588738,118.29928230155832,0.9054161580370979,31,43,A,Group1
121.704668265306,16.21069797852322,58.945398948469716,26,54,B,Group3
102.94832164767362,205.28485611408692,61.329168488737906,37,55,A,Group2
115.47766809202952,7.582529519025276,63.76882468959355,24,58,B,Group3
77.71659440444542,11.28331581573379,24.202207998087722,27,53,B,Group2
104.00575398803889,10.180825013378586,71.40527233781268,29,55,D,Group3
113.34446193435156,112.21095570920663,9.13914863317764,24,53,B,Group3
101.23425983913137,53.108119426735165,19.92703364668008,41,59,B,Group1
115.98220562598027,8.249881312515189,87.74700466544819,29,43,B,Group3
92.24067324849442,29.019809744493596,73.87231507265663,21,39,D,Group1
121.1402116027837,47.76431677739809,1.3745554011345251,26,50,C,Group2
134.48347185428875,4.357701266682867,24.83762603698002,16,53,A,Group2
94.55742159340511,107.03027201711366,21.440648299316457,35,57,C,Group1
93.31746217898842,81.3809942226804,27.080632803697256,29,50,B,Group2
121.80076715676552,35.180766404091806,24.755977027988642,29,44,C,Group3
123.69358218596068,170.75459615250438,6.252629574284574,35,55,C,Group1
92.15709959270097,27.04371135146974,45.894051659682034,29,53,A,Group1
93.69719774356214,207.1042688225587,73.27334747861651,30,49,C,Group1
95.7732308670924,55.11896858173445,60.67317247174364,27,50,A,Group2
79.83324233448585,50.34788547467605,67.28716685980798,30,47,A,Group2
86.22022080273703,9.073389785331738,8.114917853623915,23,55,A,Group3
84.93788849871898,106.82293120440278,95.14907101767872,26,44,C,Group3
88.48303652343807,27.88622656751126,83.84918338430248,21,37,A,Group1
99.47972668919829,8.85078722413422,80.50903184956627,29,51,A,Group3
103.5132209880478,0.6343834561467812,82.29838050417675,26,49,C,Group2
123.25750739221115,41.02127208569378,93.27105081327613,21,45,A,Group3
85.02468938891813,37.475255732925156,54.42539661136977,27,46,A,Group2
114.76483597714875,63.532992237354705,20.02820178676259,39,48,A,Group3
96.79016733661737,110.4811802867714,61.678360785254114,21,54,B,Group2
99.2580443552135,4.136840009027474,74.2881493667939,44,44,B,Group2
110.12229238249905,65.74456468802963,73.79173933540254,29,56,A,Group3
83.15916967656553,10.376549707763457,52.14490241668801,26,52,D,Group3
105.73614619276076,97.65879262842792,6.845871933357806,30,51,C,Group2
102.49678312319584,85.48046073055022,37.11129384301278,37,54,B,Group1
107.38676896012224,38.91279171495503,92.07666084633573,32,54,B,Group3
104.33752965861727,61.93559716560313,58.4448909757426,31,45,B,Group2
136.8295020986634,18.869407530569823,53.83319432557134,32,57,B,Group3
90.43390023623026,31.85421433947308,26.885351438219352,35,43,A,Group3
92.03504567497274,86.19669529794814,36.84489199165789,28,48,A,Group3
90.65289210362853,30.741315921204126,89.53460891531692,29,50,C,Group3
91.66784321259618,22.142639809327815,66.64630475268358,30,49,A,Group3
90.43919309040223,34.08192770424321,78.73870267523328,31,43,B,Group1
117.83524796661328,88.08554976337119,45.434542306765515,36,54,C,Group1
121.30756371984782,20.414057023216685,63.024721945615795,25,47,B,Group1
91.43880559375785,9.54359594706478,24.838360874320752,26,39,B,Group2
87.51466640343656,62.24217408676418,70.54608302834863,32,55,B,Group1
107.07123334579606,87.4287386642449,42.76013337033373,29,54,A,Group1
91.71665433578544,5.303453804904421,44.25455148147456,31,47,C,Group2
109.49397726633266,13.713560915406763,64.93223245768817,23,50,B,Group1
103.04384531276949,7.655926703041757,93.62806214689266,37,61,C,Group3
77.26383827504152,21.381043077802808,6.400634660862092,34,52,D,Group1
123.21257801995093,29.923767396010607,82.47432373470076,21,54,D,Group1
126.93816509643283,69.08053472419114,29.238311041219312,28,47,D,Group1
90.80816964273421,52.655316276775075,44.391945450637785,43,46,B,Group3
94.18447660096024,48.501530767446546,2.1913328775008956,27,53,B,Group3
104.28798086087357,21.72216857034855,30.1046077834313,45,46,B,Group3
105.01685184980538,92.08349225171541,50.26312426301305,27,49,B,Group3
109.87816409009245,31.865492202196304,5.617607734743901,33,37,C,Group2
130.15306808149523,193.41212082974454,49.10957293831652,34,44,A,Group3
97.34579158758926,50.27551885048863,92.71106288584274,18,52,D,Group3
88.0255413319232,6.748892859051263,10.539321810780521,28,56,C,Group3
79.31021157978209,56.37799722553777,76.44407280755044,30,50,D,Group3
89.0360494008712,19.659834845980512,40.967105337599264,24,47,C,Group2
99.50309540689304,57.97024320124432,65.5173714524338,29,49,A,Group1
126.91836795276681,3.609245253477216,26.023659798522935,33,47,A,Group1
92.23583051445743,9.611409522956075,15.949226254135828,32,51,A,Group3
103.35681927458347,96.80595255090651,16.046261427122644,33,49,A,Group3
99.75365655890872,12.885427165339244,7.049194564314465,31,45,B,Group3
117.82589910172126,90.7128706056416,18.564670490124303,25,50,C,Group1
137.90398638810433,16.374956968937365,66.42193849889682,29,46,C,Group1
92.03696840619519,51.484438387511744,88.16906118435081,20,50,B,Group3
92.65840836222667,59.23311842148193,81.41256855911618,27,54,A,Group1
115.66241315603608,35.939124064427475,68.51343098744842,31,57,A,Group2
110.22837234439467,18.214527509449105,11.043186341110268,26,56,A,Group3
127.7006098860405,11.95376300823429,28.918744629594983,25,46,B,Group3
108.75892277988946,1.687630960528036,30.980687532246897,33,44,B,Group2
94.61061863819411,18.116430595060464,24.99569463976212,28,57,A,Group2
108.85982246038463,52.944987304611004,51.50056597097231,35,48,B,Group1
116.63055370874362,139.2774722954687,53.55538148796726,20,38,A,Group2
112.30723271796046,102.47646330481996,35.68859751711102,26,58,B,Group3
107.60911046660947,72.6355512373689,35.3789158736436,36,47,B,Group1
116.00012034383731,77.66406717068507,82.85555979060814,33,50,B,Group2
117.5394338566851,54.67898419608366,78.92928483196856,19,43,B,Group1
120.7323848655629,15.074640664863509,30.779583168074566,27,56,D,Group1
109.73064831384464,118.86275460975453,91.37884438732593,35,52,A,Group1
97.49322879524719,55.54421087100344,95.2815017002506,36,49,B,Group1
102.20070529649985,41.09912439431902,32.67425420300408,29,50,C,Group2
118.09763449762535,5.882309894213233,35.442494879305485,25,54,B,Group3
87.74596493519147,29.624886169196856,50.56341534219588,23,43,D,Group3
105.53009963309351,30.842491240149776,94.11208125336735,31,45,B,Group2
94.09991781508958,99.96265959284821,87.63194331423115,30,55,B,Group3
100.43117234402226,39.554344949288215,10.25679625835898,31,41,A,Group1
119.17677793910948,23.934102822378925,39.27307432714162,31,39,B,Group1
102.86648602029855,188.18085801761694,55.33711897497719,30,47,A,Group1
100.69654822234223,5.867189981337925,50.313247255154,25,50,A,Group2
79.60215788530121,27.45653493256675,19.38630679368927,27,44,B,Group1
111.19380349040831,2.1466629153440704,85.88167711681547,30,45,B,Group1
109.68226271711613,67.33524748315729,67.69407829968374,26,39,A,Group2
132.44882084958192,125.09850155819389,83.79083748518036,37,56,B,Group1
95.38332647570499,16.42779574570097,85.87642793494722,22,61,B,Group1
103.28725491495908,97.71686477564148,74.83558536657398,35,49,A,Group3
103.74075525566133,17.280973395914966,43.92106012497173,22,59,B,Group2
123.66179919645211,120.82698923069854,61.054675501542455,36,57,C,Group1
98.57056701419572,70.11344458060847,16.036540611974313,32,57,B,Group1
104.18532288655508,81.71388835882193,67.36454174749078,30,58,B,Group1
109.11844764574809,0.9085323207082231,17.925325573928074,32,51,B,Group1
102.79913684734537,164.58624862181986,69.39495905101568,29,51,B,Group3
93.30349578174207,64.85395260823415,22.959816075396866,31,50,D,Group3
102.91134989347461,18.17426806988615,11.755130015021997,33,57,B,Group3
116.10447624789659,88.42011858024539,16.52844901429574,24,51,A,Group3
84.6022705088341,16.530953880365956,0.1992135219070268,30,52,B,Group2
101.99454511220314,103.08158987072082,71.87396178535302,22,49,C,Group1
89.4981877759124,5.971867124054711,73.24010490583791,32,49,A,Group3
117.92569943387264,60.81677500220933,51.493334991325945,22,51,D,Group1
77.15219642824337,38.90241854836277,16.13628010553837,26,47,D,Group2
91.61617229092617,5.075866076325476,8.355433751068976,26,51,A,Group1
105.65817812596781,13.846591744415068,1.912896643728701,41,47,D,Group1
123.4828604385151,0.624080423751401,16.57481769652207,36,44,B,Group3
99.01374608390519,31.6278188330141,89.08555349831467,22,51,C,Group3
91.67200709960203,17.92420474185972,24.153684170168177,26,48,B,Group2
128.21735604160887,45.6096425207786,35.42713272172156,26,48,B,Group1
78.27979149375633,17.636835997261834,10.534548448133318,40,41,B,Group3
67.01791065069878,17.827969781233705,22.236130474817028,33,42,C,Group3
106.60021675079999,67.97156114135132,51.922457078020514,49,48,A,Group3
92.46918663471084,2.467014661997768,60.775268309565256,36,44,B,Group2
84.6815077430393,116.59811810955894,24.535231416621105,32,50,A,Group1
110.6253467094903,95.61637658070381,5.773215922511721,39,53,B,Group3
103.65701070656799,55.1016089756706,39.10328691273987,36,52,B,Group1
91.53882053894907,44.97433200381701,23.420337092633414,29,55,B,Group2
80.79543401993658,111.4214445221528,21.955392322980195,29,47,B,Group1
113.08685992420217,10.248618804199438,95.98628027134552,40,54,A,Group3
109.75301766937991,4.113088016205121,61.63004859257241,27,50,A,Group1
98.51236204330925,13.689627001715946,55.68784431720959,28,44,A,Group1
127.69955494071499,79.1345117931367,41.57751035233219,28,55,B,Group2
83.94872850510771,1.7642771747663253,42.89443334301443,33,49,D,Group2
77.11712243612891,43.710296960978354,54.090500383808084,26,44,A,Group1
89.62137895178134,269.49440544300415,69.64298070361072,23,58,D,Group1
99.31620975466754,96.79168719178844,70.21460961818295,29,53,C,Group1
103.65009173984038,36.84927860044089,17.169390770544958,20,48,B,Group2
96.38145913215506,3.2878116076265758,50.0112752076627,36,46,B,Group2
105.28083094771445,89.00345771633697,41.195809503410196,29,51,C,Group1
81.22690863714334,45.687012877185275,87.05269662693841,37,64,A,Group2
121.65646906109889,6.104596365140864,63.14189212183764,31,59,B,Group3
98.76773232411146,4.927923153723075,53.25040664159818,22,48,B,Group2
116.75943747382192,120.19038653921695,11.539464217891737,29,54,B,Group2
105.14088019566556,55.312105534402555,60.56378893234115,31,55,C,Group2
106.85129828730676,88.38851597612025,11.720390568023342,34,52,A,Group3
108.54650920348305,105.58951853774707,33.720657556575205,24,57,B,Group3
106.71562840025973,42.40501685324601,14.284196481433186,24,40,B,Group3
109.64084139801315,36.433158815578935,69.20736470243689,31,46,B,Group1
119.93728795198646,28.143452104728716,20.62521138361526,31,48,B,Group1
102.94781754552206,19.05911100566916,39.1859373188026,27,47,B,Group3
110.63505636382769,28.510734494156694,89.56747776187787,32,53,C,Group1
98.6539645856916,74.33439623333629,20.431638339897027,32,57,B,Group1
121.6017582317421,46.055545390855514,50.780506395877914,34,45,C,Group1
89.85411546911095,111.5240552814668,41.9271661166022,25,51,B,Group3
127.01410649366224,29.2936261960972,1.8124041045729733,23,55,A,Group2
99.39763074033485,46.70868143826444,79.27581135728128,33,47,A,Group3
78.53837346822928,49.88962298454632,6.904590631459973,44,47,A,Group3
101.92156622366184,44.78730653297565,47.42550209769536,24,45,B,Group1
89.78422513787679,60.63954062764889,56.06782949389499,36,48,B,Group1
112.60965323483086,13.553275985830638,62.842645661458704,32,54,C,Group2
90.21064031046413,35.90927984512069,68.86316293078755,33,59,C,Group2
93.3072485017783,5.503289673916542,25.327238352271507,19,42,A,Group2
71.65688903581703,24.266936874952982,0.9978776658449373,37,49,A,Group2
93.21540521126386,33.43903043343766,72.3443662354912,32,45,A,Group3
63.64181010056565,52.80987154596441,53.56565993475786,43,52,B,Group2
76.24145764771416,150.32050656159714,83.61177032072487,31,45,A,Group3
111.40621984216446,45.89598621665501,82.13883629006943,34,45,A,Group1
111.78700237976248,68.0496413178296,84.33261677878832,25,53,D,Group2
106.38186342677447,35.28792444278386,48.50946599795402,39,56,C,Group1
85.4953578530618,50.27031123587008,33.362839583686565,23,56,A,Group1
99.2843296578703,3.678678924806502,79.155820259137,30,52,B,Group3
99.94596191364147,14.677736194256955,45.12941130292549,23,46,B,Group2
82.62452966211185,22.459338035474524,18.34421964034345,25,46,C,Group3
122.55097452650726,31.979690828360436,85.49740195614743,33,56,B,Group1
113.16043435863507,2.3361742001170605,88.25598767723473,34,54,A,Group2
96.68553739255503,7.54254552689986,46.63097561401701,29,53,C,Group1
100.40328758491796,16.204462705167057,7.569972730978747,26,33,B,Group1
103.12574211921329,177.94994496157955,38.782608991693124,31,51,A,Group2
69.37397697363565,20.1245024322056,80.35376594626034,39,56,B,Group2
96.29233926219105,32.89296513143755,90.17740285462287,38,49,B,Group2
89.77023628003302,10.91387752228215,20.347274249759582,29,42,B,Group3
84.97569985157627,47.1805362569958,6.697361202527152,33,41,A,Group3
95.78349560671067,16.472671395570604,87.73504531328386,24,58,B,Group1
126.96529790274283,11.59613492746251,38.94049389788753,21,50,A,Group2
109.61264291900514,36.34270946622103,54.176096426756324,22,45,C,Group1
91.43231515325805,0.2760505968654886,96.80658120507589,35,52,A,Group1
108.58874172034238,0.38467761352001506,6.656472791422285,23,36,A,Group1
