column1,column2,column3,column4,category,value
109.93428306022466,33.49651645181395,11,8.358313534975544,Cat2,692
97.2347139765763,20.91356806688005,9,8.525964535299376,Cat1,944
112.95377076201385,127.28604990872734,19,11.832383263941965,Cat2,683
130.46059712816052,141.29514529738023,15,12.493872870144909,Cat2,295
95.31693250553329,6.3172289651284075,22,19.662025720872588,Cat2,512
95.3172608610164,187.24244924873796,9,4.3552564634672715,Cat3,689
131.58425631014782,10.394256730294483,9,29.38031463867195,Cat3,881
115.34869458305818,108.25926706021409,15,4.5850496853594676,Cat1,396
90.61051228130096,141.8121038901833,15,9.287771421818078,Cat2,749
110.8512008717193,174.19382474921713,12,17.496498047278582,Cat1,138
90.73164614375075,142.81738642648557,14,39.79493089452787,Cat2,839
90.68540492859486,160.34561661395836,21,33.62585795483905,Cat3,878
104.83924543132068,67.89003850856122,16,25.928596320697228,Cat3,823
61.73439510684404,162.96502274930245,19,4.233354296601494,Cat2,129
65.50164334973934,16.02296927693503,17,19.799081480153795,Cat2,49
88.75424941518054,178.96333121210552,12,2.2877141769886262,Cat3,676
79.74337759331152,109.51847523074724,16,11.844796962108585,Cat3,789
106.28494665190547,163.45955399249874,9,13.34026989808532,Cat1,293
81.83951848957578,90.46365690366002,14,1.015639914089751,Cat3,628
71.75392597329417,128.71553903930499,10,8.00472180942619,Cat2,536
129.31297537843108,105.28053218722265,18,77.8907639567285,Cat1,311
95.4844739902693,146.31790435106637,8,76.77897054370355,Cat2,537
101.35056409375848,16.325996406117916,23,10.859235584830076,Cat1,903
71.50503627573087,12.07041679811276,17,1.101412501310557,Cat2,639
89.11234550949635,49.42064680202929,16,4.933695371553696,Cat3,234
102.21845179419732,31.90893602263767,16,12.448466851841074,Cat2,209
76.98012845155395,174.35671331844034,18,73.80709829784551,Cat1,605
107.51396036691344,43.84279747160886,21,3.80545306365807,Cat2,94
87.9872262016239,195.17305116382627,15,36.046851638720696,Cat1,327
94.16612500413447,67.37915835422137,12,2.876365449298232,Cat2,225
87.96586775541206,36.423583137739854,16,99.42414339455054,Cat3,967
137.04556369017877,157.93970142849582,10,12.016161559590829,Cat3,890
99.73005550524132,131.74155510017522,13,37.317445388906464,Cat2,792
78.84578142088199,99.6391432906278,17,10.48622633791397,Cat2,11
116.45089824206377,111.07271018752624,17,24.699292636551917,Cat2,329
75.58312700057955,143.84035565445276,13,5.330328187891672,Cat1,12
104.1772719000951,45.690948266259745,14,3.9462174564093857,Cat2,35
60.80659752240449,199.26678321134838,21,69.54139846435979,Cat2,447
73.43627902203139,194.9586324293566,13,62.41859419266655,Cat1,452
103.93722471738246,130.06513726938738,13,54.61315021115156,Cat3,740
114.76933159990821,39.908490185829024,17,24.549644716305878,Cat2,220
103.4273656237994,136.04564848625827,13,41.29144542483952,Cat2,441
97.68703435223519,14.439681795835169,14,1.7883919235107477,Cat3,653
93.97792608821422,6.130500441161213,21,10.191276459839404,Cat3,535
70.42956019265145,51.53657770224274,10,9.411124553159263,Cat1,595
85.60311583210583,92.52459134786326,17,25.240687387883604,Cat2,229
90.78722458080425,173.6545010816761,13,10.999774647059441,Cat2,935
121.1424445243783,145.4338139532616,14,4.0190935815176365,Cat1,344
106.87236579136923,148.5413042399962,17,22.6874299278227,Cat3,80
64.73919689274533,85.09866688961507,13,42.101870701412594,Cat1,353
106.4816793878959,69.18699850939258,17,12.036666767905583,Cat3,396
92.29835439167367,74.20775259692054,15,3.5468297964497824,Cat1,290
86.46155999388083,197.52991274721157,14,5.475308578973396,Cat3,455
112.23352577681736,8.021838282496496,10,6.778271897010876,Cat1,843
120.61999044991902,173.40629922448971,18,8.913216472920421,Cat3,671
118.62560238232398,115.73508171447868,13,25.73614074251857,Cat3,989
83.21564953554723,87.7230838379181,16,22.96643102985132,Cat3,128
93.81575248297571,145.0515320830273,25,29.77475786528557,Cat3,702
106.62526862807128,97.33378828494057,14,11.255102873625253,Cat3,909
119.51090254244718,174.68464761633211,15,43.43144856104878,Cat2,543
90.4165152430942,180.1403728022517,16,5.706655657057175,Cat3,898
96.28682046672365,84.34418537469108,14,15.826749950174523,Cat2,359
77.87330051987944,55.36555944701031,12,40.353564242658656,Cat3,527
76.07586751838659,118.47006571867244,7,4.966110757169527,Cat2,313
116.25051644788397,182.4726691233382,16,2.9095005824264444,Cat2,75
127.12480057141646,42.132437801133314,16,53.786109397216094,Cat1,546
98.55979756839332,124.59331671269655,14,10.499105200566648,Cat3,871
120.07065795784048,126.31204401850411,15,28.790053817702287,Cat1,196
107.23272050095268,146.6226044830562,16,0.6418853688194435,Cat1,843
87.09760490789752,26.31353702545196,16,29.283356146913302,Cat3,29
107.22791211016828,143.16499293641772,14,9.498637215665727,Cat1,706
130.76073132931938,181.8065041331282,15,1.4338657751348092,Cat3,16
99.28347921780097,35.93662177404839,21,23.528213911858252,Cat1,423
131.29287311628013,47.50866498477553,15,6.887376453473827,Cat3,589
47.60509791820511,194.27901880832792,10,12.226898557873756,Cat3,805
116.43805008750448,36.19539054189795,10,2.1003281501679236,Cat3,593
101.74094136476343,170.8770186739158,23,3.97967836108368,Cat2,405
94.01985299068265,98.45557128960695,15,8.844736185337645,Cat1,940
101.83521553071004,49.44621488063541,16,2.3511607322416923,Cat2,636
60.248621707982146,174.14998025450228,12,60.429218247756225,Cat1,531
95.60656224324975,89.0610510005331,18,0.15163501480968355,Cat1,967
107.14225143023492,102.96347078593804,15,16.534441412795637,Cat1,614
129.55788089483033,71.84667387995314,16,3.2882622693267103,Cat2,904
89.63459563452705,118.59017028698548,19,9.192642183282233,Cat1,77
83.83012794213624,32.70477451700455,11,65.11238430656529,Cat2,229
89.96485912830927,78.21630733035214,20,4.409318750310138,Cat3,962
118.30804235404148,193.8824644670575,14,84.41187756828313,Cat1,297
106.57502219319369,51.626686540225506,17,5.760322005403651,Cat1,510
89.40479592465923,131.34733290825844,17,33.827883912255196,Cat3,715
110.26534866226712,65.03801284493898,12,19.77877419108454,Cat3,984
101.9415509869608,154.69462513732012,19,53.95751473318226,Cat1,966
119.37289981065778,26.174732143669964,17,20.185530122153068,Cat3,573
85.95893812245295,193.96420901570895,12,19.119260164758956,Cat2,538
93.44675706804463,90.75790827672785,18,5.437052700774039,Cat2,583
92.15783693735685,47.21009266929279,18,4.5449232224307305,Cat1,615
70.72970103735763,14.69934946600253,17,62.06946822011922,Cat2,979
105.92240554129152,33.95158101750815,20,9.931404797999464,Cat2,326
105.22110544359779,103.95478971120353,9,11.633652508318708,Cat1,363
100.10226913284922,67.40063528625726,8,35.65954672233015,Cat3,669
95.30825733249706,165.77667317652188,14,10.343360713049146,Cat1,875
71.69258515899172,86.17750473236119,13,75.94640216796105,Cat2,359
91.58709354469282,49.742854517525984,15,33.478378059312604,Cat1,706
93.14570966946461,123.428997320806,8,22.747110068124417,Cat1,787
83.95445461556761,141.35544337708916,6,53.19377924752708,Cat2,324
96.77428576667981,33.408381580189975,14,1.27196367726921,Cat2,698
108.08101713629077,33.52384325766353,12,7.428590373239671,Cat1,326
137.7237180242106,7.334285386708594,14,15.638911220600683,Cat2,625
103.49155625663678,147.2804030131281,13,6.436211703251321,Cat2,825
105.15100781445528,132.76090552436102,11,34.05518852421798,Cat2,165
98.51108168467665,94.92617514996277,13,62.896942815607325,Cat2,573
61.62457569401917,168.83408979383944,10,13.781215014056508,Cat2,604
99.46972249101566,161.13403059001064,15,10.468797197289517,Cat2,798
101.20460419882053,117.07087287935043,16,81.46039061252203,Cat3,455
149.26484224970574,173.65425610265171,8,14.713032844502722,Cat1,969
96.15278070437755,41.16824200735365,12,16.787010259656686,Cat2,153
106.03094684667225,22.383923879545577,16,10.833110202259483,Cat1,737
99.30576460589513,53.949922303397926,10,60.07352962905361,Cat3,127
76.62643924760935,11.417371217862971,12,21.038597679076474,Cat2,193
122.85645629030041,106.2339056002064,12,35.905460852097235,Cat1,627
115.03866065373549,187.3211384589923,16,41.757143760012255,Cat2,774
115.82063894086093,7.868708133701929,18,10.458023859770801,Cat2,530
81.81225090410521,24.42198280200536,6,14.215532397078235,Cat2,10
128.05588621872198,90.43980565668706,17,47.17458409591003,Cat2,92
71.96297874415438,186.77500350558097,19,11.284664245783148,Cat2,139
111.73714187600541,63.2312209953501,12,39.48910684006838,Cat2,481
143.80911251619958,101.44696173767849,13,70.75219294212636,Cat2,449
80.18927349738624,8.31457181007842,13,24.40170665081402,Cat3,333
88.67404540794456,29.668640192417772,20,33.83380285609821,Cat3,869
101.99302730175282,197.32602459176937,14,40.88137202716837,Cat2,340
89.93048691767602,193.0237392872091,9,46.61464985295744,Cat2,961
68.98673137867735,0.9879961868819231,15,12.565374664613527,Cat3,52
101.37125949612054,190.36235708464778,17,1.3156034148170914,Cat3,707
78.7539257254779,127.82398756310008,18,12.848941053671409,Cat3,466
109.47184861270364,173.58365890400444,12,28.002760391279875,Cat2,718
81.61151531532394,90.94797112677182,18,14.9618567205944,Cat1,799
130.9986881003508,103.11920571585004,6,34.55388853261664,Cat1,475
84.33493415327526,97.76931605138404,24,11.03958073131607,Cat1,401
93.55876967588648,133.37285150922088,14,25.178929692425893,Cat1,439
116.27034434739339,27.93025095126258,11,5.157769419832388,Cat2,878
75.3827136713209,5.9947179745355905,13,34.594382081057866,Cat1,605
104.54919869208258,61.58598831823818,18,19.724715821329177,Cat3,932
126.14285508564856,140.93615254732933,11,5.705924663586442,Cat3,997
67.85033530877544,40.370690424589675,15,8.629643299918035,Cat1,922
103.69267717064608,134.68648666498348,11,34.51861559418495,Cat3,821
105.19765588496847,193.98240922145408,16,16.473534936157034,Cat2,657
115.6364574355462,18.78014315788368,10,6.08465904945104,Cat1,598
75.26098578243835,134.52042364502526,18,85.4874890131352,Cat1,509
73.59086773831447,88.75004386091423,17,31.392621524493535,Cat2,153
110.43883131233795,173.62845087550107,18,78.74239325426296,Cat3,514
105.93969346466372,35.42995788947718,21,13.926322607743092,Cat2,503
105.00985700691753,138.5251904452329,13,16.113703994608365,Cat2,854
106.9289641899395,167.62305792962204,9,57.05858762613939,Cat3,901
86.39950556843019,188.92284389480466,12,18.613608863590102,Cat2,772
104.64507394322007,136.64960565792916,13,30.71337602733252,Cat3,676
105.86144946597362,99.43495280168545,10,7.26458618415879,Cat3,6
85.71297163947264,123.56944804024278,15,14.79756920272284,Cat2,500
137.31549022289514,173.78099689574364,15,3.2940344523464162,Cat3,661
109.47665841823576,114.12194932776593,25,5.766166857982833,Cat2,717
76.17393005594703,6.077411939367372,17,0.023596514097572924,Cat3,118
113.1310721726766,186.18973910139556,18,1.00141790552731,Cat1,485
80.50636659545357,137.90535020631222,10,94.61694932303085,Cat3,601
115.74169207484904,135.30267715544932,18,6.9384654628607265,Cat3,666
123.17191158014808,43.13503047954343,10,27.214869014491573,Cat2,951
83.5863536329658,131.77709404653143,18,45.674258825324245,Cat3,679
119.26752258488644,78.77288113083169,13,19.999411537949914,Cat1,468
108.25561853872996,130.24659540829842,20,4.155630027714172,Cat1,161
116.4412031998898,21.318606061598146,18,32.559534569491525,Cat3,270
137.93585965307895,131.5690609206072,14,22.922986368197776,Cat3,56
95.09223767994258,199.88274515413332,8,32.84939731157836,Cat1,228
84.9252767128502,9.642407772111206,12,36.714373416673304,Cat2,849
82.20971140748954,195.43483684426346,18,92.63575938696196,Cat1,149
83.68379430069123,81.38159214457413,25,21.30728233945584,Cat1,46
98.45796581171791,174.15069006745182,13,10.450126872554447,Cat3,144
106.82303949633288,156.4770968116547,11,26.136118474014392,Cat3,750
105.53381598660039,113.40325219733356,16,1.7723860031553782,Cat1,784
116.54366498072048,147.6898418502653,16,56.922280234263276,Cat2,632
100.26003783755814,175.7031122602696,19,3.1782555642614416,Cat1,340
129.07068154314635,80.8280643302066,14,9.931577340227573,Cat1,413
94.70686333524088,65.40663231264774,12,42.28591692495793,Cat2,732
154.40338333179238,133.51867711271694,22,22.73985374850314,Cat1,520
112.51334695530012,161.56918838825172,15,12.506850550625206,Cat1,344
82.85684887167434,152.45702695532316,17,16.034543761463613,Cat3,387
78.58215003877775,159.5627297717269,10,48.197624297661164,Cat2,473
109.64944830486371,87.1166629625866,16,10.388052238225967,Cat3,275
95.53074429348298,163.5668432350043,15,50.938243014845554,Cat3,353
114.28000988184183,24.04181107412169,15,2.3065675539832067,Cat2,66
109.4647524914709,108.89781959216991,8,37.49200116865117,Cat2,79
98.54342174686255,1.151732099624314,19,47.02257699063367,Cat1,598
83.06412563863191,64.91716598005407,15,5.016751223255466,Cat3,636
69.70305550628271,73.29230697427957,6,14.068176364029593,Cat2,202
91.06970095865958,79.23453832185108,14,4.523056646367658,Cat3,978
117.12797588646944,139.09344133797242,20,30.65581215726353,Cat3,662
104.28187488260409,77.71162025406915,25,19.161651037684894,Cat2,558
75.08522442576023,89.73872452450613,16,25.218604985428083,Cat1,113
103.46361851702363,47.50882617486549,14,5.469046839884319,Cat3,91
107.70634759457674,74.65035832586801,8,5.948368275842364,Cat2,141
82.32285127597734,45.453925452630294,18,1.05957315533316,Cat1,289
103.07450211891056,14.639184753688728,15,9.717690135908006,Cat3,901
101.16417436892,120.68971867627558,12,20.510010130920335,Cat2,730
77.14059404338754,133.64255971100326,17,48.786749356516005,Cat3,589
107.15574720696567,123.8980692019229,16,27.48487343084139,Cat2,411
111.21569052736469,92.69880876011447,15,14.29078128291754,Cat2,377
121.66102486350553,75.95715603584597,22,76.50416434660869,Cat3,384
121.07604104069806,172.66672991436505,17,31.75683976248271,Cat3,846
72.44661264085818,103.81635702724361,13,66.5405716778069,Cat2,152
81.24349920169755,95.8363755259462,18,18.747593405066386,Cat1,835
110.3007053441732,5.1284131612871375,14,7.490636955365858,Cat3,751
110.27571901824417,68.24956552523128,15,1.3568297299632734,Cat2,627
110.30095372612095,76.03912375717141,10,32.37342243755585,Cat2,319
177.05462981309444,79.7645561793801,14,3.232878708772132,Cat1,369
111.41781021386333,116.03447384546645,18,9.016182305939422,Cat1,606
122.71131280361197,106.72050934537569,14,19.007342576604845,Cat1,995
119.08003526986406,121.58101855868892,16,20.776724223771396,Cat3,560
113.02782502611596,152.97665230842566,19,22.943744706181242,Cat2,703
93.69461510719309,162.5971477432187,16,4.545701874894239,Cat2,462
115.17938440986535,143.62461524529888,17,11.940308750019057,Cat2,12
84.54349570924856,191.10473919098695,9,24.00568847100924,Cat1,156
95.26362786519982,3.646516535272326,11,87.51345516321157,Cat2,684
90.29272904341794,39.15559713670922,5,32.514950499413246,Cat3,477
101.63748278772646,1.512574995628424,20,63.970426020755646,Cat1,939
146.29317133347018,129.4949428309206,24,35.90940009520879,Cat1,401
62.65469614816504,179.6061097899974,14,22.39486603460172,Cat1,808
113.72520380749027,48.69645931525986,15,5.330553576943569,Cat1,177
67.74568257620697,185.40690895926133,12,27.466731149192125,Cat3,341
90.56136268421133,12.05347805791217,21,24.412935124092304,Cat2,57
121.77901193934733,186.88720536110287,18,23.06206973242978,Cat3,855
101.28560038190926,70.32453744792689,15,16.823119367334886,Cat2,852
78.44510444141387,20.284165689843302,16,18.80420930088406,Cat3,448
85.69392581480064,97.17435183726512,13,10.178257110554556,Cat1,203
113.59195497869352,51.35531354410159,11,18.31345772322663,Cat1,697
85.39266736565727,56.97458039238457,15,5.502327270037513,Cat3,633
104.3291717916395,61.45799298525731,13,40.89126165054274,Cat3,738
100.91143679807628,160.60517956653268,18,5.138023477180561,Cat2,202
86.96799304788365,107.8322553350509,15,2.219859318359908,Cat3,330
142.8788817865065,62.26153983120073,14,14.32843348999205,Cat3,363
112.67838044636022,122.06675666218368,10,26.84609730344718,Cat2,892
59.49714826684786,143.2301348446387,15,14.39374214408517,Cat2,454
103.72908629538856,54.52480014670675,27,8.100151204386915,Cat2,356
86.76427070463224,82.70982030507031,13,20.420819144796376,Cat3,216
117.04866669592448,24.37721866738951,12,10.654543153683086,Cat2,972
84.14958523134598,36.22986990693606,11,67.52724581663017,Cat1,555
97.70527117066202,136.22357079299655,14,63.98379668814268,Cat1,887
110.09974557960915,36.28766953912539,13,17.447552681795415,Cat1,23
117.31510388340243,105.03267673341203,19,9.93310813521143,Cat3,155
75.99407185888447,141.80925234448654,13,33.40262121777073,Cat1,186
93.30997528318103,21.375384618948768,18,0.9350956478839317,Cat3,249
90.50109377678088,113.4624439257807,16,16.097928116719544,Cat3,749
86.93341534852576,51.312556740272754,8,10.24900719279377,Cat1,805
135.30908480562192,192.58537504751595,17,63.311243604112335,Cat2,134
108.09963421921911,96.70912934398494,18,0.3018911320035021,Cat3,321
74.78232091329909,161.19850995503162,24,20.119565545579967,Cat1,390
118.35723894109552,110.04530843125235,12,33.74072863354918,Cat3,434
142.44312394025266,8.682506570963833,12,16.590582653987973,Cat2,22
120.64930521102293,126.63027511880446,18,2.2317945216317177,Cat2,873
69.61260068091974,190.28066844133141,15,89.8041565002314,Cat1,600
90.31531854267497,120.32236402926624,19,18.245820175621237,Cat3,665
125.33822298373245,163.83777188535805,18,23.81001310482042,Cat3,125
85.84661068762438,176.84129266968156,22,6.749648835198983,Cat3,79
108.87638856292457,45.615954389786495,12,16.516907074711796,Cat3,858
115.49268106858673,42.40896798164533,11,14.015697772154038,Cat1,968
81.46139056843833,122.19619777019834,18,1.9462236141970568,Cat2,51
98.809492878764,82.20569396134094,23,2.8057221570222035,Cat1,728
35.17465319861854,167.97226057334407,14,45.422704536788125,Cat3,176
79.51224717331421,180.00462467960224,14,6.854999219199698,Cat3,870
94.9486369721368,70.68427586054362,19,5.421529156484558,Cat2,253
75.04433636070301,47.374111794896415,14,17.575466151208733,Cat3,966
132.64822607863272,156.10510304877238,17,36.606087443692,Cat1,246
71.39717244078734,54.96120710962722,7,1.5987078790244111,Cat1,739
91.19911026606033,164.5228637027357,11,21.498227807853336,Cat2,106
102.61481154572182,84.74765072975256,16,3.173413743249467,Cat1,193
128.82546578132232,133.5099798582941,10,0.928559181743784,Cat1,316
71.2827569764112,19.107062766933637,17,1.3546461119239905,Cat1,302
123.26327504309918,124.7718649353146,12,44.918914582045296,Cat1,548
100.20466122039174,90.35353574744582,16,3.1383006440343357,Cat3,954
80.36982697904098,117.32169263509482,21,1.1550611957536143,Cat1,716
109.24206948526542,33.602841548972684,17,14.401882704913252,Cat2,934
103.9811939114694,147.37474898883642,15,46.446435652066484,Cat2,779
87.9956624568241,172.5594155086457,13,7.609124080399522,Cat1,268
101.39604169980038,43.34796001815513,16,13.692108309030509,Cat2,170
92.2937280627648,19.142911104032343,18,1.018532563246222,Cat1,551
102.27034690502497,4.727717209267279,8,14.904074346878463,Cat2,455
113.24261349042094,128.3943000886532,12,21.54583786217606,Cat2,651
131.72033632290703,121.41880721775615,17,21.152043140016236,Cat1,292
75.24369002346302,109.33948254281401,7,10.10265175700292,Cat1,564
142.66066749312535,46.389419223195084,23,9.477877743388548,Cat3,799
60.958244009549965,78.18119918110294,17,2.8186826887199348,Cat1,801
96.96429809928833,118.8952670372346,11,11.424157470232258,Cat1,141
111.76634412969153,99.35337177183388,18,2.6199798549539683,Cat3,146
105.61983735470065,197.55710404297747,12,36.37460461098424,Cat1,425
87.54600960358812,27.287950511346626,8,84.73737635548979,Cat1,314
95.83755499285449,139.02891080951875,9,87.7260717800476,Cat3,184
90.13998130682334,80.86375362085843,18,50.075182532970686,Cat1,664
88.21270486111577,85.63992298512295,14,22.956826718882077,Cat1,713
116.99204194042049,143.51955313163523,14,30.171565833552428,Cat3,128
107.14030971930094,138.48723026487392,11,8.394015340937516,Cat3,287
86.14180809478691,198.25119874043767,12,24.908416521343185,Cat2,823
117.99199750866501,25.678857890825046,16,15.204050723807516,Cat1,253
106.14599041753219,20.821929876833266,12,16.44533779389448,Cat2,778
116.2572423767792,144.86776342574822,16,35.44736686434333,Cat2,700
112.59257683847224,115.67738340128182,17,8.27930013827915,Cat3,386
83.42009978155855,54.83213331196117,12,9.569592612224973,Cat1,230
88.79637919606061,15.883873797797321,17,64.63756041567532,Cat1,271
114.94587210246523,17.131649919286108,13,1.4466685386456668,Cat3,771
112.2074053086693,178.83817493282365,16,16.62051962059926,Cat2,811
99.58196812071704,38.37346494374858,23,60.989003177464255,Cat3,415
102.34654766617564,64.67431242310415,11,23.5634940647275,Cat1,198
125.5532979157685,45.3312804453976,17,19.76387805989919,Cat3,323
88.1685722232834,70.99926116638746,14,7.183525906259446,Cat1,56
110.94194762340075,13.884768549218673,16,10.512266551964839,Cat2,831
95.95614695132213,103.81195818165408,14,47.771754813836345,Cat1,203
95.6463759354556,13.52251271844298,11,20.480128894136083,Cat2,783
121.9755370397438,160.07130156447232,29,18.076874250196582,Cat2,621
116.5083269797606,46.7424163820866,9,2.62234099264608,Cat1,628
116.27019272001277,108.00238292090212,21,0.40394991557354404,Cat1,604
126.10957614308658,176.01581751229165,12,82.88823989451987,Cat2,138
100.42007683265518,130.17547380943884,18,11.829663926231703,Cat3,422
113.63905942589928,106.59155731026706,16,23.108895567769732,Cat1,815
93.79466486813088,64.86675062307512,17,2.0767988457461115,Cat2,57
106.48332704976885,66.60038261163959,18,28.730352322361398,Cat2,562
97.39713891264631,133.89739103963802,18,67.4154111724206,Cat3,71
101.93991929985437,198.8278722442335,12,21.430815939797903,Cat1,911
111.90314050873828,132.36783796987572,12,3.3701714957607676,Cat2,914
83.63558633533054,111.55668347400498,7,21.790196651375116,Cat3,594
141.8477455137092,146.13010204784922,18,36.3479770564289,Cat2,372
79.87965237000596,93.04112245674364,17,13.039436140672011,Cat1,617
75.71622774424536,12.028468520157043,22,52.97280872442658,Cat3,600
123.16221747000135,112.45936317558196,11,26.151654910702295,Cat2,514
115.83325387925872,191.52505690107603,18,57.37755854073458,Cat3,872
112.4823963410431,35.06058847153193,15,24.42128346850825,Cat1,84
112.5669101852856,138.00097816413316,16,3.5185897960230834,Cat3,994
99.7550645430617,40.18673773181129,12,9.265424641862365,Cat1,43
82.05491257028336,107.16553689461625,21,5.6347439365755525,Cat2,666
101.51609116387452,19.335289929343922,19,59.874774231482554,Cat1,839
86.45676576975777,90.07418725163703,16,35.71961733933619,Cat2,934
119.50239466835502,151.23266577904923,17,28.206051333983694,Cat2,606
97.05885236995722,69.51430484779641,14,8.951408856584317,Cat1,810
83.49005606414977,132.9823448974436,22,5.084894830797821,Cat2,133
93.57228316694014,159.08999215794583,19,35.310937148730495,Cat3,395
108.25862908551248,185.43556389589054,14,16.068859716833675,Cat2,65
88.7255089439205,46.928416371090705,13,6.397788647583355,Cat1,290
83.55559208867137,79.86318316186163,7,23.968344359710926,Cat3,376
104.87374422983825,30.483202666083486,22,1.0292454411981824,Cat3,769
104.89933142217446,198.49670043167504,18,9.869445063585145,Cat2,467
89.8611364925774,185.40019358485907,17,15.803983010587421,Cat2,898
90.57923388763355,107.99142605611192,10,4.0029962430276695,Cat1,213
104.64099874715272,168.40665887528425,8,104.42328868076336,Cat3,148
71.03831317005351,104.19159545440844,19,5.864510232398561,Cat1,573
71.8507245124689,124.71713760055194,9,3.491701158332135,Cat2,471
85.63111557495128,17.824886423203324,13,5.689298362595457,Cat3,149
95.73105696576306,151.05408409936157,15,36.640056229957295,Cat1,88
106.2181513119601,25.542696727046966,13,13.856625812991005,Cat1,324
129.50712433899105,165.21352605050566,13,20.834147216688187,Cat1,895
117.15319246404039,156.40561753407718,24,0.5308247475824319,Cat1,396
96.80122940073146,141.74893954859527,13,0.8759508420483512,Cat1,790
99.61967584194622,7.232076104952423,9,14.75689374484851,Cat3,404
79.94941270724382,60.62567118906572,16,42.40967453888948,Cat1,82
99.6297372801522,52.62251398216857,17,54.12256292891392,Cat3,641
94.22682722159723,72.02728149430382,14,2.267451409273832,Cat1,286
106.45437120676179,17.52854935276771,10,19.32441580482626,Cat2,382
83.45538112895355,187.39156460621257,11,61.1122680909886,Cat2,865
110.38693028482345,110.76044814247525,12,12.274461962576208,Cat1,792
130.65477826005156,61.10486213160471,10,44.23515412254394,Cat2,270
97.82479703086285,79.39630341485669,18,3.587974845546407,Cat3,292
108.03423444197882,89.44050810096714,15,68.48638931428185,Cat1,453
113.80287983422225,120.11886667212346,8,34.80009749209807,Cat3,715
91.97559056228327,103.13588553929955,11,70.89754079107001,Cat1,24
104.48184963620834,183.87839464288348,12,28.22296554796491,Cat2,956
100.2518480156359,99.39269658116605,9,11.29049851788276,Cat3,863
101.95352197097664,198.43160296466255,15,69.58868273029697,Cat2,311
84.53980432289067,170.28499154901914,12,8.05914225719871,Cat2,461
100.49020348517885,41.70210287146716,14,10.09313513403806,Cat1,208
109.95996582490899,186.11904292878324,16,30.166779207754175,Cat3,792
129.02287215590084,23.273279577095217,14,36.23791567191892,Cat2,717
119.18541652170414,163.4899416982383,15,66.26936205014512,Cat1,664
143.06364915023113,76.12465869531601,17,5.729116328540177,Cat1,438
84.65304874223901,175.5948640890139,15,39.986946374768266,Cat1,538
117.44641273441357,173.61133802149007,20,33.537428085086454,Cat2,706
103.66684011476704,161.18508002352422,15,1.6480083851789191,Cat1,336
143.79605866435344,158.0060872614123,16,12.24386060850712,Cat3,422
83.83403429289697,60.93582781960816,13,8.308809370066216,Cat3,750
83.20556315638447,16.183856610250437,17,9.077762492764641,Cat2,321
88.01214709111956,80.5960357530323,14,101.78555186696596,Cat3,497
57.52208551380386,34.70490299730174,11,25.734904995995024,Cat1,587
89.48489956638478,138.99021778049234,14,31.617512257631926,Cat2,947
84.81734676892604,69.21994530755711,19,93.8943318056866,Cat1,163
103.00787572952416,195.12204017198297,15,11.838317525821852,Cat2,811
106.83511951554318,128.1944154690664,16,40.46703359715511,Cat2,541
137.52341678431773,164.49611272687218,12,14.252493469477804,Cat1,165
119.008476763721,26.504934548369686,18,50.916002677085196,Cat3,849
88.46192688675194,172.40289645452452,20,4.9813285012307436,Cat3,698
82.03170657303284,184.55143810267887,13,73.76236604895969,Cat2,566
109.83838343013011,97.41238376378718,14,6.172196627087778,Cat1,295
73.59533585958715,121.25058755019549,15,9.871309582291719,Cat1,42
136.62917531708706,152.96196018059908,14,35.2843802225398,Cat2,924
123.58880241442574,34.96772545208251,21,12.511782942475925,Cat3,285
90.6164869579059,100.51321529268849,14,23.425820276788873,Cat1,939
65.73730941818245,79.73260555446262,26,14.700474845334046,Cat3,387
127.07744748330825,29.27479843244982,17,33.905764692932195,Cat3,138
97.70920309494764,73.50688445830629,13,6.479997610475132,Cat2,187
124.75632623946923,13.634461877098714,16,1.505907716473263,Cat2,910
68.11144682411266,5.162381389897397,11,8.91435220680184,Cat3,716
88.01249954092454,27.03325783096455,13,16.076026345678905,Cat1,431
100.10487399436366,192.62302231783477,13,4.598673491112254,Cat1,554
100.93961187529484,109.90590717900339,18,10.954768298983895,Cat2,862
90.99869057041512,193.164432230644,17,12.769933033061404,Cat3,416
112.45699864694997,86.4995756660264,11,1.4776152884096727,Cat1,800
78.6475914123481,62.363226617051915,15,21.885153373889047,Cat1,426
97.15241029957413,101.22837256804883,15,53.928251625973125,Cat2,416
102.40591263423798,87.90233772658202,18,4.114288011228406,Cat3,26
110.28877668117498,21.132936852348784,18,22.770643144107055,Cat1,371
114.2322975617778,128.16526293804125,19,27.321163930549304,Cat2,385
77.50715816324262,43.20763650191992,10,13.589518253398364,Cat1,56
69.31771658528756,123.91759097956592,16,30.19095345023578,Cat1,253
125.55353643797018,130.04021847963068,11,13.221835390541292,Cat1,634
106.64628023959183,30.40497062572962,21,17.56162582960155,Cat2,106
85.03026926886892,12.269925422133632,16,0.18450528603367536,Cat3,130
131.02303951045047,156.15231721368795,21,29.41867970757528,Cat2,849
102.31349268585717,91.96008475386404,16,27.06916338004507,Cat3,670
123.58594368127653,11.632759101095157,15,0.9789406890654341,Cat1,376
101.35036962820217,198.97326343395343,12,11.481542567752532,Cat3,743
141.21495849763974,11.556112199273327,13,96.61875550176308,Cat1,967
135.10681684886407,139.00704577171064,11,13.649947948904645,Cat1,308
95.02071703041852,196.73578505268273,21,17.426139492922694,Cat2,91
119.43141901908712,47.836020843185125,11,60.17924722881208,Cat1,393
112.90751899170294,28.449873737439233,17,31.58085415403886,Cat2,534
127.37263115064698,24.276987884485777,19,21.811040958569976,Cat3,802
80.70153078839792,60.65502951351911,19,39.963028117419455,Cat3,110
113.72102919996878,20.20916220212934,17,49.94492904915004,Cat1,561
121.16848973699176,138.4322683388264,23,15.260996272316207,Cat2,641
64.82521027153771,12.458359626012538,13,16.114086177245905,Cat1,585
76.3348297466845,101.88442562995795,11,12.196082784095113,Cat2,340
59.21535644479799,199.33937077059537,11,85.05955709838717,Cat2,565
94.61186331110885,162.79405390120377,12,29.864282952199545,Cat2,979
114.35084511591924,123.04388764620218,18,2.172277320367138,Cat3,356
130.04714104192055,61.25072415732233,9,49.68699190581475,Cat2,892
101.4818956083955,124.77916725832769,13,16.375096422071103,Cat3,168
132.57231091142583,105.40829278233032,12,1.780792602831499,Cat2,557
72.39797083570217,85.2166767780743,13,19.94698929174991,Cat3,452
65.9323512128969,26.142075348039896,21,13.49624786148108,Cat3,905
98.88904602206762,177.32084304809334,12,52.542057060990444,Cat3,105
107.68130897878615,89.9569297642645,8,5.703732844388555,Cat1,150
99.34610503811814,38.924502364153014,12,43.7843430131036,Cat2,146
58.65115799920247,73.55187017545792,14,20.393533155885596,Cat1,716
98.21759920974424,82.8259505057854,19,1.4039514735190979,Cat2,874
73.91060998990294,165.50757911337485,13,89.2510255677991,Cat2,299
113.39345097660077,146.7228761122804,12,17.96753536627737,Cat1,167
107.33196492193696,153.86097872826795,18,8.593151953877186,Cat3,713
81.2024042734529,2.206252885729443,18,15.84399330443566,Cat2,646
89.72266165326613,83.23079963595231,19,48.773179951180715,Cat3,723
78.81572956222097,96.26883032706472,16,9.092601343928292,Cat1,48
98.74641805453656,3.8384553646113373,20,5.350767385250989,Cat3,638
119.10284641002477,51.96264174900684,18,3.45487761193788,Cat2,239
80.28547907328912,152.057964624427,17,8.84054019544242,Cat2,7
110.08093031035689,27.42194114579981,12,37.858658349401296,Cat2,464
89.39484763255118,107.06202629051833,13,15.948790096513733,Cat1,453
84.14254335475312,43.0403744034475,16,6.452486412621002,Cat2,784
97.85939280090885,2.4241549287786546,14,4.54359308258963,Cat1,897
79.29515355161251,48.2402915199083,17,10.113993321240761,Cat3,371
88.92701389305635,195.17475098201075,23,70.30377646394517,Cat2,549
76.04244214822303,160.3074223765979,15,10.5027979939102,Cat2,487
139.2945026583278,191.91532886420669,17,110.83105294355788,Cat2,211
100.70527103943458,97.57080878527249,12,16.600899134839366,Cat3,165
86.00548984014829,21.947239735500702,17,4.935796158341248,Cat2,125
104.27959821468444,109.59189779473859,11,55.442336730044204,Cat1,337
97.7534390061834,90.87546691199218,14,15.421111361586204,Cat3,192
95.58060800933553,168.8714165479232,19,30.918542485976314,Cat3,730
112.2833340008685,19.616516156848917,16,102.93252625280805,Cat3,214
115.1501542009461,97.64822740435564,19,1.2869472677146558,Cat3,574
89.38997704778944,30.00973293879685,25,2.5423633061712994,Cat3,328
88.4836351871064,64.935185378012,15,31.86495568024682,Cat1,957
94.49896605696712,147.47141547755993,10,8.276050290750536,Cat3,381
53.9615767052883,95.20362587375331,16,5.0927587813835995,Cat2,673
69.69617875602896,75.17765702915386,13,1.003937670500003,Cat3,578
127.3374853488905,78.89525571400706,17,0.5522221254682156,Cat3,798
132.89935427002567,91.88935368119732,11,37.23428194548071,Cat3,239
95.01927920887243,157.00330876741137,12,3.6092747301676082,Cat3,532
111.53113926111533,178.41693778804688,21,15.764669238467624,Cat3,700
106.22500309087073,191.06693730078567,20,23.278562839102655,Cat1,82
161.57761616910477,157.380677251059,13,13.980787819351544,Cat1,363
122.39149822869153,63.08137914960255,8,0.6870203665076305,Cat3,505
97.44164817038467,137.62694121730843,8,38.254291798088325,Cat1,202
80.88919118799149,87.52062481107839,12,0.2642219725411355,Cat2,920
67.87107359484855,50.934124409210234,12,35.875552090606924,Cat3,504
104.06927271734446,168.1743158851845,11,55.94440594159265,Cat2,644
84.87298509431393,7.685269792464999,26,14.17784222307735,Cat2,37
71.55492580804652,180.3523984270847,12,19.17212908062541,Cat3,644
87.06854231514947,92.29549292494683,13,16.20355153360551,Cat2,589
78.3690399277121,127.44029536165608,12,12.324995403066797,Cat2,601
133.74283270145128,131.87078444115653,12,54.60328713783258,Cat2,973
117.63279513898901,179.0235481413073,17,56.09222809209394,Cat3,402
99.84054717366766,127.33393643344147,10,10.229915211659316,Cat3,765
129.59888277780053,122.78671695201236,20,23.86732850920633,Cat2,856
101.54736615295236,13.330408112137992,8,65.40075917263704,Cat3,706
82.77431597343472,103.68160438904081,13,81.79274378112574,Cat3,176
130.46248154539313,30.03380016340833,19,17.780693348447617,Cat2,545
110.77820087369318,147.48675374429712,16,15.074656124893684,Cat3,570
79.25507691347087,102.4443841625349,10,8.167306479704814,Cat1,467
96.19322643832784,136.04555584167065,12,79.77657602356855,Cat3,201
82.48763493230486,8.334580120476854,8,3.852517574028365,Cat1,540
72.34400538071327,16.958403209160643,13,21.677371967317484,Cat2,547
118.52355095063282,143.26467761253645,7,8.30130982655131,Cat3,999
138.1883328094026,14.416867199734673,14,8.178191004130804,Cat2,637
72.02864852361718,14.25134555305172,16,12.978527012608623,Cat2,394
111.25938473381142,2.42169504697749,13,167.9891040380943,Cat2,833
86.98714861756346,191.30027965989603,21,1.4133674496558384,Cat2,42
90.25749232470608,147.50167189180138,11,21.60086798204776,Cat2,597
88.15212151522262,70.65028170041283,18,2.154533712654349,Cat3,393
82.72018460640368,59.30711625753104,15,4.196293681141074,Cat1,700
100.97043255889653,69.9406459491699,13,14.475958463363153,Cat3,623
83.38099767177924,154.93070623623638,14,17.85723431548125,Cat3,783
105.40913651559677,132.27412221408287,14,7.486863556643851,Cat3,995
98.99523781101726,37.03911357349359,10,9.51164761941952,Cat3,441
95.2210390626718,34.82186706681687,24,2.274581916184481,Cat1,837
81.84872675916804,19.679129942679463,16,9.032131156887989,Cat3,617
88.46457338863334,132.06054394026762,15,84.94889556531272,Cat2,506
115.10782451651512,152.87453244434718,12,72.37789658738309,Cat3,918
110.01834375248761,53.0092856650008,13,10.194630818060787,Cat3,320
80.44889510402898,4.188992206182562,10,21.148948578196393,Cat1,553
101.98664610858452,16.43433349528547,11,60.08650073993989,Cat1,215
115.02774246743579,193.57200696900608,11,0.15507554154849157,Cat2,71
66.61189437757257,59.08895549548405,19,41.608385821671426,Cat3,568
110.8672038475987,153.84462956762673,16,74.09109295706587,Cat3,919
86.74752482108306,124.93271377085276,13,2.394214815658546,Cat3,236
111.41197337186318,76.38792793057918,13,4.401957743054899,Cat2,281
84.73481686914967,41.13745243911102,16,80.94274105704568,Cat1,987
63.90235798670962,24.277283631881286,19,19.279888071423702,Cat2,617
67.44915124233674,123.00259360777332,17,0.35745926773772835,Cat3,902
100.96169893322764,154.9267561275576,12,7.447755005545644,Cat1,887
105.19445003442964,128.78085070822613,19,14.943364889473857,Cat1,162
81.91366749791183,106.06042664983167,18,29.515271716099285,Cat2,191
112.77184917554747,8.390244686327254,14,33.02768670584288,Cat1,9
66.7695987546208,193.69775551887676,9,134.65966671242623,Cat1,60
98.67840402705367,159.7428383309149,22,8.474777134905333,Cat3,893
75.77967600475087,58.56440734019295,12,19.31667280977216,Cat3,817
86.96327784395682,195.99406587177012,12,19.052977084861638,Cat1,225
100.94797342632828,120.37631792726442,15,13.0069732889609,Cat1,819
82.79173269432096,116.4845316414493,18,4.633008030194724,Cat2,700
92.30888911540349,149.6146358859064,15,94.80778264195173,Cat2,582
120.1258561842888,162.35395761802752,18,47.98706889719647,Cat1,805
88.46216260953702,131.29572146630053,19,17.245469560402526,Cat3,287
116.71384224130284,25.619149273240005,13,23.110934565347232,Cat1,994
77.40586290684763,67.65350119889968,16,6.445350056453192,Cat1,169
110.59608355830565,185.61672806520994,15,19.619890689002546,Cat3,62
128.83137241315802,44.923122368770386,6,29.683639574427588,Cat3,349
50.56710999745421,74.43340476750267,16,18.09877089464807,Cat2,442
84.06209489059046,86.4153765888392,19,115.85254388075843,Cat2,14
111.5414425436108,87.88099793889043,12,23.626365374638514,Cat2,164
95.93909227914014,122.5879164989051,18,11.589555769342113,Cat2,420
107.42291746742617,188.6151675489415,16,36.97691650545766,Cat3,757
87.92029626568359,48.13854236650099,11,4.672174409461297,Cat1,847
101.731795749458,24.30027526018361,19,12.133650653575835,Cat2,520
96.88645529215842,39.494097971987465,18,10.652882213844242,Cat2,666
123.35564123319614,177.3849800418539,18,14.132357415752923,Cat3,548
105.08841686602426,129.1621625310412,17,38.056268826710664,Cat3,560
106.75205324150404,57.181357847832025,22,16.54959758468724,Cat1,597
91.76246067755065,163.18938779372345,8,39.49873148937789,Cat1,28
90.24787551855013,172.2739992726872,19,21.479389062347952,Cat3,708
91.34883624360758,169.3028677380556,18,10.466396925513102,Cat2,446
107.88904284756593,183.7853067279109,13,41.515483443227154,Cat2,208
91.58031038359474,50.448204034672315,22,6.804723516293675,Cat2,470
105.79549713792827,151.00838574925567,16,6.352410282377598,Cat1,716
141.50801597290877,92.107899454828,13,17.554845661254102,Cat2,976
117.42249406863385,168.3997105780123,18,7.556334537340594,Cat2,819
93.47952935664318,145.69813543232263,17,0.22821434721641393,Cat3,104
124.02427844327889,155.28948929994493,13,26.12424272038795,Cat2,742
91.83849253956897,131.2323675362143,14,17.889616796681047,Cat3,426
59.23750929644292,35.48575389394137,13,14.743014995925957,Cat2,101
79.83827378165192,109.00538377938767,22,85.2573517476707,Cat1,541
62.58416157948289,196.93394790490163,7,21.169069153894814,Cat2,639
92.96973031917383,187.47761329942378,10,49.77323820826322,Cat2,850
100.36836758379103,8.634747159402334,14,3.7545958436951845,Cat3,522
133.52874624550566,32.96296314588743,12,21.053158410853563,Cat3,106
106.53854747528325,26.345754690912383,17,50.6199756339427,Cat3,679
95.61798942382272,145.1959819970591,18,21.873067598226072,Cat2,978
116.58811162366979,163.55706597138902,18,31.647462158851532,Cat2,769
55.7772938198423,42.70227326213438,17,11.632112260441875,Cat1,807
104.71229116217131,101.1705385903658,14,2.4251521445262982,Cat2,277
115.41730387773933,168.14060560224,13,15.307633428260981,Cat1,65
70.42827508440317,146.56030895325011,12,12.541666999212053,Cat3,783
122.87508086413858,108.44744109836965,11,50.44646880647051,Cat3,900
106.76992814988829,118.06953809175458,14,6.992692225060715,Cat3,188
91.69424172198397,101.67210938325599,10,85.08065661267412,Cat1,317
112.6556373221257,59.509690263764114,15,79.33449116731096,Cat2,916
145.41385715608791,113.00439857180322,15,7.11323096554458,Cat3,138
103.6373251011699,137.77706041001812,16,10.694760163637897,Cat2,343
104.96441172600672,174.66458317216154,10,56.477543884507796,Cat2,105
90.81278200919512,127.25827079584961,15,84.99662241744774,Cat3,546
83.00311261070416,152.2243074086316,13,14.649467134684768,Cat1,380
116.60671633088491,32.0143269909146,19,9.67824500971434,Cat2,110
82.87832348182266,92.31149488395798,14,18.668657928805114,Cat3,944
101.43132474438785,1.8663239654186592,19,29.100316036156386,Cat2,545
90.44685106469767,49.33577290432461,16,7.987042948914815,Cat2,354
109.57959651492784,145.29234302260096,11,33.34000280200539,Cat2,743
106.67324210573896,198.36199026987268,16,1.3259851096795385,Cat2,317
120.75079888515799,19.835619917443182,15,1.26377327030594,Cat2,266
89.79967202290506,80.29886317225765,11,12.205725895156247,Cat1,694
94.60250129413258,160.0141937398319,14,10.903515384163502,Cat1,852
80.42472568435386,40.80712692577977,6,9.481531755969213,Cat3,65
91.11413479847776,111.01698986045724,17,16.883652241172342,Cat1,333
107.54600986089704,146.61425920593496,11,9.66854651624711,Cat1,513
115.13977233290704,123.1970900520358,12,5.337811936074881,Cat1,133
81.5566935164475,37.604946923083226,13,9.257380182647081,Cat2,592
117.3921184021132,71.07691373714789,19,92.12644197047216,Cat2,783
127.11275717609902,156.75835689707944,13,13.238041810935977,Cat3,753
108.26869806447402,110.84530282640333,19,14.70674449820992,Cat3,540
137.53591625116132,1.0459227085825473,11,21.482700104602095,Cat3,735
84.52421601792854,152.19815200561877,15,102.36976916525171,Cat2,535
75.10690593377166,7.062270988047814,19,6.913650277669372,Cat1,496
64.42559502191443,149.14675654624642,14,28.58622316273225,Cat1,621
129.92088622978366,40.49611203304748,19,31.46817865733556,Cat2,619
113.08731312708116,191.61469602387604,14,23.36928740097007,Cat3,657
98.8883065817909,73.5881502604169,22,2.318740860019934,Cat3,369
105.59937252639641,65.38632326761582,22,28.242690076182196,Cat3,866
77.49021905403247,29.777610066488936,15,1.6560248657189074,Cat2,909
148.91503959233654,61.120843098042975,15,22.667338907956704,Cat3,910
102.58442363950455,175.33015236564012,10,33.63660217913505,Cat3,651
102.18789589209786,199.26686752544947,18,5.923769935486561,Cat2,796
114.51533247797384,73.66190610136967,14,46.069268644044854,Cat1,810
109.62018463473427,89.72212619090851,17,0.770600549839985,Cat2,992
104.47768048558262,144.4141876405474,13,46.41750996835433,Cat2,99
84.19051089109377,177.2391560930149,14,15.419891954924847,Cat2,317
109.42936714271991,118.60886683735683,19,6.134343654563278,Cat2,123
137.6404899295007,78.30513963556587,13,3.5903554904845687,Cat1,320
126.90840092309955,82.52436816972475,9,76.60411518770044,Cat3,799
131.86373253278794,139.12362929936137,14,1.8860257880980773,Cat2,593
89.7756864713763,0.6436527208557363,17,5.550274196224357,Cat1,495
80.20790359482838,123.91786749196814,14,10.68595702268456,Cat3,457
97.48426159800704,71.09860208827148,11,24.205056022472434,Cat3,522
101.11449824577389,158.83946625541685,16,19.67551950867659,Cat3,520
121.88383036941897,18.598127964626432,15,3.356677076954495,Cat2,917
66.15070740570361,117.6404533896781,24,8.552681520590099,Cat2,717
130.59100638921228,96.19457797722475,21,6.81989466276305,Cat3,315
96.83984202842021,128.4651051810455,16,6.005426138983314,Cat3,946
91.4623786010516,12.97071889659367,18,13.239354470188747,Cat3,709
79.75791249479664,115.99675748562626,17,30.437552226488396,Cat3,710
66.90286656268461,112.29691759190474,15,6.130030196392365,Cat3,542
116.46341167923829,112.13201888323418,14,11.419442160579955,Cat3,479
101.46635934376808,120.69753331929095,21,12.395035808843174,Cat1,913
74.20078200517892,135.29358744527244,20,93.72266888416891,Cat3,971
74.09842455872769,160.99779993615394,15,77.34264620968979,Cat2,20
93.28430601419744,53.96414402564287,16,40.25315157289299,Cat2,560
133.38043050578784,165.0098820360124,26,6.9155505503247605,Cat2,969
94.8081729727279,99.65113645269072,18,1.7615625419268957,Cat3,130
69.93714093763788,15.411655826866234,17,9.528001863298222,Cat2,293
95.08513871828112,11.71018584879584,23,7.758233227559057,Cat1,897
94.54552860504658,66.84766373921217,19,17.626739273515486,Cat3,132
46.06226714116857,156.97939542229352,16,37.596325431407756,Cat2,356
98.91410266964375,141.53618694818314,17,48.85512571994108,Cat1,54
95.38130939582643,157.72299293448128,23,46.58634194920055,Cat1,890
113.92412729626837,103.45381128832187,16,11.144507387197509,Cat2,793
136.9791218989069,88.03979959109812,13,29.057526750275187,Cat1,387
122.53130059095514,29.49050534125679,14,9.379491827969039,Cat2,265
94.62222618890338,65.63855072186232,11,1.5709802974806577,Cat1,982
77.86948182516659,86.80387323477505,8,30.230100382295554,Cat3,215
151.4671960649972,17.720085935923446,9,0.24690404248133763,Cat3,460
101.18436868028977,44.12239054224225,17,13.156206398503725,Cat3,458
100.27858583825892,119.64505881274776,10,9.988788294287799,Cat3,802
99.51749825779993,147.13262284783798,28,29.55345138353679,Cat3,43
103.9616952153571,199.66950227858993,12,36.33709357827147,Cat2,586
97.11279176152115,186.62266626871153,22,9.063539977893779,Cat3,862
88.52675986239527,128.51303990703832,6,41.73328289735338,Cat3,278
89.06282117519216,84.2496106588144,16,8.700553636784692,Cat3,838
99.34493459568003,127.23547294164655,13,14.779496581739945,Cat3,754
89.1315045773247,157.13032361604638,16,32.45878376551788,Cat1,130
85.74308434645671,23.667238184677466,12,29.516193137218703,Cat3,350
102.12860455383793,81.98097793925766,13,109.28898482159974,Cat3,706
94.90045565158289,167.96045712712345,11,6.377501109961887,Cat2,544
130.0798597716538,76.7665903866088,9,27.14125996793516,Cat1,106
46.980603832139764,114.3744542454373,13,23.519831312245763,Cat2,912
121.83013703844924,117.55387217243964,8,61.65657454859876,Cat3,716
124.92170384995258,36.89525062672787,18,4.250798856116962,Cat2,1
58.53219535183701,72.44708833045767,15,34.837825182861934,Cat2,757
93.14624811839303,66.90225774838643,13,20.998792026308717,Cat3,584
92.57118268008418,5.239341706412959,15,8.028071525925473,Cat1,432
71.84976610564357,4.838352778271049,16,16.08203103096932,Cat1,306
84.4436662481825,166.3394087351547,18,10.153255621349322,Cat2,909
77.78848309068343,54.61416199456248,10,21.646678679926815,Cat3,527
135.04540886847246,103.61575324776308,13,54.95576451299428,Cat2,53
118.71356786294922,59.74511471775461,17,21.058876495146308,Cat2,940
125.43110189988317,188.1358490230681,17,24.972958178184985,Cat2,520
114.4334412808647,51.85935177315475,17,18.28409799655682,Cat3,330
77.41896457565542,85.93136254778702,12,1.313022411818135,Cat3,558
89.50959467440452,174.54605009692037,14,6.627102094098053,Cat1,325
109.78749122455837,168.38671335836173,17,16.931930895082843,Cat3,114
75.55744382216109,37.220283569255464,17,9.285118261895374,Cat2,147
114.25996860344776,160.52866195914208,14,5.01509959599979,Cat2,166
95.1934920368373,91.63737734757854,18,17.53618036443956,Cat1,379
92.50358384900805,96.59377441707105,17,9.74507726262506,Cat3,139
114.21919936406982,26.695994483188755,17,7.4637779500238,Cat2,629
108.8852662297208,16.12030275142493,20,15.589847800336814,Cat1,299
92.7806766836184,145.58786139475305,15,3.5761054988506076,Cat1,276
123.18659606728497,99.29223047105995,14,65.6890973988402,Cat2,916
78.37873344800205,87.37014052303591,13,50.5674766318808,Cat2,789
112.31871213888527,145.90164573047934,20,30.742573906357684,Cat3,850
111.86202515936768,153.10257979822194,22,2.8072178291153405,Cat1,825
93.80907121372019,31.78163353387071,19,37.3890351522751,Cat2,178
106.52266044484236,122.04502989552826,18,41.25094205539773,Cat1,842
74.97772847229393,27.070816455537106,19,36.50009607088862,Cat3,354
118.48054038413802,150.27501720580915,12,3.024995674887279,Cat2,154
96.30195727114022,131.3910312534279,18,25.81415084963273,Cat3,926
89.54553958961921,191.3229242166916,20,44.94315020424014,Cat1,201
120.98018451673778,13.791603271284236,13,21.53047282516482,Cat3,878
85.91312618914482,11.410944230250863,16,25.990245149541774,Cat3,115
71.83077407272881,56.43741493864003,17,15.329003219016416,Cat1,671
68.86741652952193,52.341136747181196,14,18.80689941089101,Cat3,554
112.12019902691279,49.395759814399966,18,0.8745410851129908,Cat1,759
74.39141295007434,181.25091610420733,17,25.46937234220271,Cat2,68
135.0958836396873,49.90923996990122,16,2.123897624585592,Cat1,445
58.36141184232556,54.3899452257262,11,14.273884471499375,Cat1,445
133.92912736580075,151.87965248359274,10,8.655922320367555,Cat2,326
104.22034934405237,89.947968490108,20,19.709971313541374,Cat1,846
98.06573776259215,155.34211139103624,18,3.5799154996156894,Cat2,708
89.10161826382101,13.073231512877047,15,29.4124594981188,Cat2,602
107.98272228704141,97.51423873467687,13,39.62003947818084,Cat1,623
99.24730595150304,6.7227200366565265,12,4.458869364493997,Cat3,880
122.06603764033042,12.530640691070904,16,2.754108872985632,Cat3,359
102.28455297324079,181.28749066888219,15,3.9314223927461978,Cat2,145
103.00603522923755,27.849074223519033,12,52.41521375909791,Cat3,275
92.72775575572288,106.48413645504343,25,18.779433802681016,Cat3,509
98.86108752557865,82.2191205201413,21,15.743091207639626,Cat1,179
106.15603537784118,69.46866525176854,16,2.8211509798503984,Cat2,753
65.7966321468675,179.9666691374545,8,26.21385940770352,Cat2,838
73.03629155788573,4.3646793550979,16,50.62375661741703,Cat1,831
114.8652818804543,132.75793723511782,21,44.033550551944835,Cat3,477
103.41730876255883,192.67888684271009,10,24.591144324124986,Cat2,843
96.32033327294641,112.03363669236839,12,1.9565725543348547,Cat3,976
100.36867866130787,187.36449240661835,19,2.9807684661465155,Cat2,414
106.95163410723342,10.451575857204753,12,1.2641544202989872,Cat2,153
89.20480639381277,83.75866381483227,12,7.442610436027416,Cat2,104
84.43390549195375,52.03155819241023,17,3.644769162585649,Cat2,75
103.91690510195363,146.16419299614597,16,7.529250353782844,Cat3,128
80.43254444769936,196.25941809944933,18,12.15568537936409,Cat3,711
108.16505511428943,51.30601248884956,17,71.6100505727725,Cat3,666
65.9483279152432,130.8349202948149,13,23.56433152256695,Cat3,568
120.58311274651288,39.61952655194803,9,45.041273576302096,Cat1,790
109.45194964826086,113.06605091432198,22,30.97717906440292,Cat2,345
105.12059468627751,92.78649733766724,9,2.9837571248184647,Cat2,531
119.65381967891028,194.4010659263074,9,33.28761825668331,Cat2,159
133.30948888925153,121.70545453929331,18,8.043000544665327,Cat1,538
120.2874013003626,69.90127441736375,12,25.479402760504126,Cat3,426
63.182515373367096,22.819156977586672,15,10.424351075574435,Cat2,681
74.40846066528597,30.24936574698691,24,151.571471042537,Cat3,996
87.50362844608642,45.06338599024702,15,7.647898575153489,Cat3,23
100.52182100421668,50.1933322680596,15,8.182427903753009,Cat1,47
110.35318040938246,170.12321156822756,16,66.72275250677667,Cat1,525
85.48512373693069,112.24455765650498,12,0.6238290320616247,Cat3,729
103.73533528954157,104.6781822748733,13,29.824913931052933,Cat2,834
84.89234135293356,22.953774373843494,14,32.30429404032933,Cat2,706
87.76964394016103,172.027938669887,16,45.25499796154548,Cat1,144
71.86677806303555,144.56286064169674,13,91.6674919877701,Cat1,585
81.53533507778192,13.533672380000317,14,92.83127009343825,Cat1,668
72.96630788767332,141.56701944595375,17,1.6876197726653428,Cat1,589
80.48253494045335,108.70764346852921,10,43.1267363674553,Cat1,419
121.07283593215679,16.345069149355652,10,25.983356703624157,Cat1,681
81.01202222336114,91.66012830573129,17,26.056422780817375,Cat1,973
152.64764129674782,96.93925742600939,15,3.4341806900415968,Cat2,799
109.86635801761778,33.15490803265515,16,26.258925720194455,Cat1,85
103.69672247389748,189.13962940005646,14,101.1139874728644,Cat1,416
82.83284439637573,169.99507429613237,20,60.70897192829586,Cat2,694
114.00619758817983,133.80446746582166,9,14.45668268867492,Cat2,482
88.48724347524453,92.45911220012144,16,1.019195037376798,Cat3,456
102.44019629290723,82.3531083169017,8,11.24692792878299,Cat1,827
151.2016907653759,130.19469343019082,9,43.773641739014394,Cat1,297
98.078802005507,109.08637388138109,15,30.22455839967657,Cat1,112
122.98546652571352,12.454621176377124,17,15.374285622113854,Cat1,962
85.93647149748224,102.50052975406633,13,1.4169450468374962,Cat3,230
99.30023019006076,161.2807234465679,16,13.917146451644674,Cat2,96
135.4160127127102,91.84797551939161,13,15.826005657421122,Cat2,950
87.46065884424465,10.391315510853683,15,65.97087037228498,Cat1,680
136.24897115993858,157.2556398768066,17,25.616819052699864,Cat1,378
114.1550387091095,40.27275642719488,13,9.336552166256078,Cat1,156
88.75066448211464,51.72416697760775,17,18.62776824851923,Cat3,421
112.64815478111042,32.94127068645918,17,1.7084514647579774,Cat3,105
119.4510889925346,66.04301297429951,18,89.90134135453198,Cat2,705
112.43619924434392,151.350301137727,14,11.15951759439074,Cat1,330
68.59550560219087,103.87717190078747,12,16.245840350450127,Cat1,439
85.45725648350263,40.97625483014251,13,10.97363323171201,Cat1,132
95.0496272889699,175.56601563040817,13,28.68286016449394,Cat1,867
98.51133141799907,175.91637099030584,10,27.134911961452474,Cat3,382
112.41344195101357,174.11568500920137,13,31.409941320418515,Cat2,138
103.55402001866507,47.75924227630786,14,7.80426132588051,Cat2,943
73.29311282579798,90.24786883619763,17,9.48282005291647,Cat3,843
107.60395702011927,196.99793122817502,17,3.345463877613257,Cat1,270
112.21171490567646,154.40249526199807,10,26.64225336999123,Cat2,550
111.1958089586208,5.433484245111964,16,1.0152672788588815,Cat2,396
121.61561451109243,13.040918252098411,14,22.762832306853,Cat3,557
116.67844309097808,92.78627536246655,10,50.947105331109796,Cat1,913
109.18360158456873,181.84404117231202,11,55.37171643179308,Cat2,464
98.59668577082707,107.74035959054285,16,14.902225069863572,Cat1,675
66.78078132968017,99.56250160685805,20,15.3724375949845,Cat2,450
108.59236438265171,21.094739991326115,13,2.002316429491943,Cat3,331
104.15375374326223,131.3560209448588,15,27.77458936905917,Cat1,253
105.43157674390747,164.4206321200451,14,43.04549500458338,Cat3,681
74.46502848359381,76.08400150151246,10,7.01451881883355,Cat2,963
78.37886919183475,155.1223701850655,14,13.67431484689272,Cat3,285
121.06305706665808,192.8953307801623,18,45.63383758217268,Cat3,274
99.2088969228669,40.753291825537815,19,52.41377038588651,Cat3,20
113.63001394745248,104.66592623894826,15,6.965745211377758,Cat2,239
100.56636752260923,57.42759161691511,10,19.994414441650893,Cat1,270
100.59512278991491,158.57088380676788,27,5.345093543414118,Cat3,418
118.76567611951995,115.5186731762315,18,2.686255331659801,Cat1,945
89.67910543565252,126.91648351006076,14,60.511844372257976,Cat2,310
101.92241553881966,159.58283192317882,17,42.94054695586816,Cat1,31
90.75449422589915,79.19409453249098,12,35.68154475987896,Cat3,826
91.31007545135368,183.01801368140863,14,1.2498881269725322,Cat3,104
93.81655753062721,106.605773449228,14,46.404056823032576,Cat3,682
104.44267543267426,31.5909645670696,16,14.408296476047536,Cat3,186
90.42502756673045,139.1798236337605,14,10.478775483876062,Cat3,128
125.11512251147042,158.6522700876509,14,19.767697128807786,Cat3,210
82.10785395560993,63.35233541350534,16,2.3949716546994635,Cat2,414
96.26256711677281,171.4358513997506,19,35.33100907577141,Cat2,281
91.2053788345165,181.22865095315328,19,21.83288105804051,Cat2,959
128.93955768707465,55.38089747556179,19,5.163002765136566,Cat1,253
103.93109553023149,196.7042945430444,15,5.213523500540258,Cat1,19
120.6368907893727,28.142305609751684,11,5.091142262979358,Cat2,712
70.28879253926056,40.403133680497994,16,1.4672882055079879,Cat1,732
105.34100531738518,36.844967847605226,18,22.156071217450705,Cat1,136
117.79261591246873,178.79794200157409,11,45.8689986211067,Cat3,223
101.64567978550848,130.85851046499238,8,0.44132793539580323,Cat3,3
121.30960750130703,30.420856644454574,10,1.2561525187687554,Cat1,963
89.65423099799256,88.06468367366979,11,21.2608354178214,Cat1,236
128.1869488037116,123.05960501396041,15,42.800014945412734,Cat2,854
145.977962472385,16.69281699787666,14,9.890551155721248,Cat1,465
92.74322879120682,176.48327368146775,10,10.754746484546267,Cat3,228
91.08994957198456,160.72070708830702,7,22.67996090247626,Cat1,913
129.067689542354,101.04135471532764,16,8.012463571688235,Cat2,654
131.59144291461425,193.42532305183408,20,0.6742194079082952,Cat3,499
89.54279945693463,83.55219585501995,25,33.22220393693224,Cat3,521
91.59626365808285,196.82206380729957,9,24.564096443656055,Cat3,702
94.36430782278985,133.58399976072542,11,21.732554684971653,Cat3,862
73.11098977931445,126.93425465078829,17,33.83930341697497,Cat1,917
81.62696107031604,33.190979059157,23,28.116015460872056,Cat2,972
79.91718466495864,176.3855516609288,12,5.7630799820233705,Cat1,677
84.64404869791743,85.49793758412304,11,10.865180367671895,Cat1,992
99.30630225226437,32.44668115649587,10,3.370023287376933,Cat3,139
104.68429465073041,2.521503995151808,12,3.4774432111160603,Cat2,276
131.01000985628153,111.95113672767651,23,28.19040252966628,Cat3,291
80.03291918522419,105.47992442453527,14,48.90408205286762,Cat1,53
119.68644796953167,143.8707244738317,8,82.24089740177007,Cat1,687
95.72022311548982,178.05161060356042,17,24.744874300519232,Cat3,110
99.01072580695134,15.881316928605905,14,5.086627562833669,Cat1,715
113.49638984333208,146.29929806807246,14,2.7914616949984388,Cat1,948
77.54555956875403,37.482388819516444,13,41.89625089662062,Cat3,648
107.64819492368102,171.6354106314328,16,21.61360428955288,Cat1,4
103.32904416426112,163.81270277233122,13,24.077026929399775,Cat2,667
109.84902528016298,108.15875099710888,12,38.01989431634069,Cat3,684
105.78337287815636,142.0485597246623,11,30.37392507005056,Cat2,936
149.1060027982179,62.87002263674968,17,44.9632966842676,Cat1,870
87.24520031497369,94.23357978656293,15,1.446393331998245,Cat1,47
89.38006089996365,164.32737954209432,8,34.41064408239759,Cat3,94
87.53718947150472,91.85303943464278,13,47.570531377467596,Cat1,940
88.8904576167949,71.55965306508836,11,8.42653674066322,Cat3,560
87.25225745386965,98.84248945005997,11,25.57236119360658,Cat3,752
123.78033062215104,165.64985048744367,13,9.427848095668164,Cat3,859
128.4100849597971,67.04160947417455,14,79.23492511504789,Cat3,213
88.58507412501048,34.75231862714876,20,0.8498726707121685,Cat3,436
83.35288853791542,142.40280406615616,17,21.675186508324863,Cat2,852
109.42831112772808,165.19564254161637,14,4.553145810215999,Cat3,508
88.95553911438057,20.127495704706668,14,31.138992315310894,Cat2,836
112.65863635511022,47.97482255118894,17,4.8362901686388575,Cat1,651
104.058460417026,28.39439795219878,10,6.709514166039182,Cat3,205
69.68511770005536,69.58828231643332,23,17.048792662453813,Cat1,381
130.95010402660122,90.07019578108253,11,61.57910351343684,Cat3,73
135.91755346191044,149.7652673926613,17,5.947369572697161,Cat2,516
87.74422619031228,130.22951697633482,14,3.8941335165465647,Cat2,76
92.24596880128031,124.18571349568623,16,35.57155541815587,Cat2,841
105.7173078144981,70.47498932193088,10,17.359675337578174,Cat1,77
106.6891357997405,168.289510616952,16,60.699488408900116,Cat3,816
113.1708854534566,94.25743347963291,11,3.963599155319264,Cat1,768
140.204090775327,195.82098760303091,18,25.956367364136344,Cat2,410
96.461055450119,126.82842765914737,12,6.627773077011556,Cat1,614
84.03405510923092,25.252948312900546,16,4.2626043082248675,Cat2,106
72.41361543970946,135.2355124150868,18,28.755226134545303,Cat2,845
85.38139920116161,65.0208030863398,15,22.51564056694159,Cat2,551
99.33746054252406,137.26543933721948,12,35.14482661809666,Cat3,476
135.89115727035576,13.928229632481148,16,9.25712774601643,Cat3,826
89.64777401927657,34.97628743519188,12,14.85389717223867,Cat2,275
104.47575903277797,171.14745178115726,15,12.99967302860409,Cat1,88
99.67154207854496,45.43591140470298,18,103.51934363979582,Cat1,723
123.76786546896167,167.408225048588,11,8.641572023469443,Cat3,881
150.53864851747244,55.855217690882085,9,8.732456834456247,Cat2,77
89.38262454159359,128.57638201174154,16,10.945118898986406,Cat1,77
90.21121114963556,138.8301147019662,15,20.78691341362297,Cat2,442
120.88321754138144,102.53095062901059,11,7.269596760219198,Cat1,540
113.63782979252623,61.062135339346256,20,61.713022917933614,Cat3,245
136.93414651472068,42.528875274219224,21,7.720448908945274,Cat2,578
111.67856370651927,6.637870912485244,19,56.53985339316671,Cat2,778
92.81415818425882,60.78928024814476,16,2.7307292773524434,Cat1,382
111.81309661384618,130.6325581062566,12,26.71876809297794,Cat1,982
122.17407161165815,187.66096368969653,12,59.37500205583763,Cat1,717
116.40964362394729,174.2408964526104,16,4.620600285028723,Cat2,570
110.14548062214595,153.21295530706053,14,86.30723590690653,Cat3,713
121.33349379178307,157.68946865065973,8,15.077331605483296,Cat3,737
123.38591180891345,132.99698069519906,11,72.83773327311052,Cat1,142
127.64317982075055,52.0573715132006,11,28.238649261008895,Cat3,893
112.97419775179286,181.43900614116598,14,8.973611858446647,Cat1,368
96.65763839366291,134.1464623811668,17,5.215689396823171,Cat3,84
102.93427372866645,112.08812619608798,22,9.050625259429284,Cat2,143
124.13017933016714,22.197893842696214,14,2.440800584678229,Cat1,352
83.66128658025528,89.41110876128508,17,3.883266745222596,Cat3,545
107.37346617745803,92.07165424038526,18,2.7638059099732426,Cat2,913
92.13322375345278,172.91272190453398,20,13.745379319794782,Cat3,152
100.57489645869634,109.3296440375577,12,39.689265873617494,Cat2,158
125.56903725214598,76.08010979408193,12,3.810824229740703,Cat2,446
103.82198136039807,195.36006570213186,15,3.4907612292238883,Cat3,653
100.92873096312297,22.144118665263136,12,25.78054397234431,Cat3,958
72.80287718040162,84.50968566238892,18,5.490711598473213,Cat2,763
114.92507132054442,8.404935034281058,14,2.5677130522801224,Cat2,303
112.9096836228215,147.98082415338607,22,4.5634968617554375,Cat2,624
143.2650944661092,183.61531043983013,18,64.33734761884182,Cat1,656
93.84443530093998,56.007465910097885,14,43.075141046413506,Cat2,450
104.38300655327878,171.66833535982417,17,10.926393048004854,Cat1,721
104.9876736742151,58.44364609237955,16,26.664818302104447,Cat2,224
131.5490655952695,182.15403232878305,15,19.265595242792415,Cat1,43
98.09408935226095,150.7923807193568,14,28.262193661155173,Cat2,264
105.58043051540679,160.98135536828772,18,28.695416721771277,Cat2,756
112.15793019433079,3.6013111200909,14,24.770913317867425,Cat2,3
103.73218246312716,192.5620714148052,11,7.734609104478932,Cat3,637
91.07132770898943,145.33419841406464,21,0.994688784226079,Cat3,268
103.88179985796616,60.95021907722666,20,15.200249810351643,Cat2,596
121.47263499719544,165.8789329717694,24,55.40419588641373,Cat1,16
79.4696940117788,56.304239682985994,13,21.07003967503097,Cat1,334
102.65939348293752,174.5507679132256,15,44.65304104741591,Cat2,464
85.99758370121654,22.516078082387402,12,119.56064379893914,Cat3,59
123.90093257849685,140.73719549215915,13,4.4666921321538355,Cat1,177
69.5362619043245,108.13969532898207,10,29.423345141299666,Cat3,63
88.82156305456823,19.306894039088164,23,28.043970904021727,Cat1,958
107.54423750129041,48.37876565176779,13,97.74494627089524,Cat2,561
131.31048058468681,2.480807255462958,17,106.01445106609029,Cat3,307
98.68499477854024,93.75359309290117,10,29.013145390917412,Cat1,246
88.89600946613604,60.25305215200007,13,6.98011245390245,Cat2,289
137.6231413888118,119.67149685955177,23,40.05607620771939,Cat2,798
71.03972199167512,59.44756154172344,20,2.8300330933548823,Cat2,955
56.023880867598365,59.98382230139694,17,37.93278626528347,Cat3,332
108.80028900106664,148.63863974632068,17,60.25317859082977,Cat3,527
89.95891551294778,9.62856719567069,20,12.065406671009068,Cat2,850
79.57534365738573,180.57899903839746,15,24.899269064219535,Cat3,255
114.16712894598706,170.45277487823628,14,14.059233917451758,Cat1,604
104.87601427542398,133.56093664528132,19,14.395886620628302,Cat2,510
88.71842738526543,118.64431402147686,11,9.29003365883218,Cat2,791
74.39391202658211,178.46049962793046,15,35.90073443532254,Cat3,718
117.44914656560289,37.066035905742886,14,68.79087058170438,Cat2,606
113.00402355917322,15.793832438165722,19,70.65010002298736,Cat1,737
98.01648272441234,47.90203398190762,17,4.80267046350493,Cat3,813
136.9327399209533,158.91565574003806,13,51.934820973941264,Cat3,830
78.59830467347695,6.934053345296665,18,33.43107638837803,Cat2,463
69.48949658150522,116.56136701669793,14,7.2868111944323894,Cat2,199
86.16183860237511,199.08750323826197,17,1.7413794008812111,Cat2,271
99.08827967289004,171.13921876750788,12,7.799275781582125,Cat3,746
104.86678898645384,104.2891378087179,23,60.819689893580296,Cat2,558
95.1752788428734,12.728181857328469,18,25.07201005139496,Cat1,64
107.04110793028593,166.27470287714198,10,31.918485838793142,Cat2,230
74.96921151619112,119.79570163544211,13,7.431607597219209,Cat2,942
128.8752920814652,22.986599411913367,13,31.769572528460603,Cat3,952
98.35697643214863,18.77145696467124,14,0.7131122198606461,Cat2,249
122.34591663176255,181.92536388731847,15,11.762947867616417,Cat3,246
106.85450692755408,133.84005258761567,12,24.637895347885514,Cat2,940
109.13506438307567,165.8573598633511,17,3.948429149782896,Cat1,587
111.39534560464408,175.79578005645345,14,43.29064353069181,Cat1,157
108.9541712003463,114.35447040966444,19,6.698008986805316,Cat3,735
112.85445519735087,103.48927035100826,19,26.409023027638195,Cat3,702
126.58305060264863,86.08548206419803,14,12.988131509961983,Cat2,985
103.9304233940294,63.38931755822386,12,22.661207911044578,Cat2,564
114.18007515177024,86.91919217174235,15,2.8418340911533697,Cat1,950
98.20528611425547,154.77593114603127,14,0.42643636632329507,Cat2,88
128.80234430898946,120.38468620302632,13,60.07793966388716,Cat1,313
86.4721539588146,178.5046579909692,11,7.85510089832788,Cat3,851
136.0188086582163,88.67600287583754,11,42.82514017896933,Cat2,66
99.19684098711313,121.4179157437508,21,183.47501417188332,Cat3,662
71.38449795763904,126.26151061839775,18,5.938392391369749,Cat2,20
102.56208829821578,118.3394324612651,10,7.702927692126906,Cat1,33
86.37896685050238,140.52675461710328,14,27.181409368191435,Cat3,840
116.81287097977449,47.48669367496126,15,84.1327052507603,Cat3,793
86.94752041395218,102.47275550915813,13,61.86826945801154,Cat2,558
91.07633133570441,20.844960561669534,18,17.472870540033544,Cat3,73
62.209185381089384,76.90226552896252,12,39.63208520357581,Cat1,866
90.95387361501847,97.53341372425288,11,3.6472100481852303,Cat3,825
51.52241346742087,130.4448519090945,14,94.78740920451035,Cat3,343
68.32194353028554,190.1062105172407,13,83.35242131334401,Cat2,133
115.20829312288595,120.13021330967118,17,4.4700626344985235,Cat3,55
115.71600317301665,148.71878323531195,18,8.896279397616812,Cat2,61
108.50915123569929,101.25321189904055,20,2.6383187485315562,Cat2,857
80.66047713741574,126.82080627526626,17,7.926659810076973,Cat3,520
99.0457728771604,14.186443226754687,12,42.314481882929776,Cat1,272
99.92794921818863,50.878316168369395,13,11.883068050889081,Cat2,246
76.83270621614915,72.37061864102773,12,2.3137663664993853,Cat3,176
130.067966035343,94.49867100130271,8,10.472328730791231,Cat2,628
117.54724581151342,9.129749100476747,16,99.59245227264198,Cat1,317
95.58071652340672,28.004819510663538,14,24.834937270661413,Cat1,783
100.53771677989062,55.36286155826116,15,13.453248182447824,Cat2,705
104.16765615895105,194.30653818021014,7,4.554194620354888,Cat1,662
59.16530263151419,66.26940142061015,12,107.03516856155059,Cat3,131
95.05645234958806,96.4082116224165,10,42.98815762594656,Cat3,102
86.36031504004403,39.219542547678586,10,8.263949594385126,Cat2,310
79.96759980210169,122.15601421515365,21,1.8161140482490061,Cat1,782
94.3779941422809,56.136643103194864,19,1.4572999802696096,Cat3,292
135.95373053699046,41.398515687685354,12,3.2065794802795122,Cat3,722
112.8168572253402,103.31452568919582,11,21.73330512788884,Cat3,495
88.57642020434406,1.1011598320841642,21,66.04372113433008,Cat2,361
111.45165562712317,1.5328065298450655,21,17.166378886091238,Cat2,338
